"Date de début";"Date de fin";"Organisme";"code zas";"Zas";"code site";"nom site";"type d'implantation";"Polluant";"type d'influence";"Réglementaire";"type d'évaluation";"type de valeur";"valeur";"valeur brute";"unité de mesure";"taux de saisie";"couverture temporelle";"couverture de données";"code qualité";"validité";"Latitude";"Longitude"
"2026/02/19 00:00:00";"2026/02/19 23:59:59";"ATMO GRAND EST";"FR44ZAG02";"ZAG METZ";"FR01011";"Metz-Centre";"Urbaine";"O3";"Fond";"Oui";"mesures fixes";"Moy. journalière";"42.0";"41.9238095238";"µg-m3";"88.0";"100";"88.0";"R";"1";"49.119442";"6.180833"
"2026/02/19 00:00:00";"2026/02/19 23:59:59";"ATMO GRAND EST";"FR44ZAG02";"ZAG METZ";"FR01018";"Scy-Chazelles";"Périurbaine";"O3";"Fond";"Oui";"mesures fixes";"Moy. journalière";"47.0";"47.4916666667";"µg-m3";"100.0";"100";"100.0";"R";"1";"49.107502";"6.122775"
"2026/02/19 00:00:00";"2026/02/19 23:59:59";"ATMO GRAND EST";"FR44ZAG02";"ZAG METZ";"FR01021";"Thionville-Garche";"Périurbaine";"O3";"Fond";"Oui";"mesures fixes";"Moy. journalière";"43.0";"43.4695652174";"µg-m3";"96.0";"100";"96.0";"A";"1";"49.394444";"6.201392"
"2026/02/19 00:00:00";"2026/02/19 23:59:59";"ATMO SUD";"FR93ZAG01";"ZAG MARSEILLE-AIX";"FR02001";"Berre l'Etang";"Périurbaine";"O3";"Fond";"Oui";"mesures fixes";"Moy. journalière";"71.0";"71.4761904762";"µg-m3";"88.0";"100";"88.0";"R";"1";"43.486234";"5.171939"
"2026/02/19 00:00:00";"2026/02/19 23:59:59";"ATMO SUD";"FR93ZAG01";"ZAG MARSEILLE-AIX";"FR02004";"Martigues P. Central";"Urbaine";"O3";"Fond";"Oui";"mesures fixes";"Moy. journalière";"85.0";"84.5";"µg-m3";"100.0";"100";"100.0";"R";"1";"43.416661";"5.042731"
"2026/02/19 00:00:00";"2026/02/19 23:59:59";"ATMO SUD";"FR93ZAG01";"ZAG MARSEILLE-AIX";"FR02021";"Sausset les Pins";"Périurbaine";"O3";"Fond";"Oui";"mesures fixes";"Moy. journalière";"79.0";"79.2208333333";"µg-m3";"100.0";"100";"100.0";"R";"1";"43.331245";"5.117696"
"2026/02/19 00:00:00";"2026/02/19 23:59:59";"ATMO SUD";"FR93ZRE02";"ZR PROVENCE-ALPES-COTE-D-AZUR";"FR02022";"Arles";"Urbaine";"O3";"Fond";"Oui";"mesures fixes";"Moy. journalière";"71.0";"70.8833333333";"µg-m3";"100.0";"100";"100.0";"R";"1";"43.675114";"4.62921"
"2026/02/19 00:00:00";"2026/02/19 23:59:59";"ATMO SUD";"FR93ZAG01";"ZAG MARSEILLE-AIX";"FR02041";"SALON";"Urbaine";"O3";"Fond";"Oui";"mesures fixes";"Moy. journalière";"62.0";"62.0666666667";"µg-m3";"100.0";"100";"100.0";"R";"1";"43.639002";"5.101097"
"2026/02/19 00:00:00";"2026/02/19 23:59:59";"ATMO SUD";"FR93ZRE02";"ZR PROVENCE-ALPES-COTE-D-AZUR";"FR03027";"PLAN AUPS/STE  BAUME";"Rurale près des villes";"O3";"Fond";"Oui";"mesures fixes";"Moy. journalière";"84.0";"83.6416666667";"µg-m3";"100.0";"100";"100.0";"R";"1";"43.335201";"5.727365"
"2026/02/19 00:00:00";"2026/02/19 23:59:59";"ATMO SUD";"FR93ZAG01";"ZAG MARSEILLE-AIX";"FR03037";"VALLEE HUVEAUNE";"Périurbaine";"O3";"Fond";"Oui";"mesures fixes";"Moy. journalière";"62.0";"61.6041666667";"µg-m3";"100.0";"100";"100.0";"R";"1";"43.283341";"5.511384"
"2026/02/19 00:00:00";"2026/02/19 23:59:59";"ATMO SUD";"FR93ZAG01";"ZAG MARSEILLE-AIX";"FR03043";"MARSEILLE 5 AVENUES";"Urbaine";"O3";"Fond";"Oui";"mesures fixes";"Moy. journalière";"74.0";"74.3833333333";"µg-m3";"100.0";"100";"100.0";"R";"1";"43.305287";"5.394716"
"2026/02/19 00:00:00";"2026/02/19 23:59:59";"ATMO SUD";"FR93ZAG01";"ZAG MARSEILLE-AIX";"FR03048";"AIX PLATANES";"Périurbaine";"O3";"Fond";"Oui";"mesures fixes";"Moy. journalière";"60.0";"60.0875";"µg-m3";"100.0";"100";"100.0";"R";"1";"43.555777";"5.461232"
"2026/02/19 00:00:00";"2026/02/19 23:59:59";"ATMO SUD";"FR93ZAG03";"ZAG TOULON";"FR03064";"LA VALETTE/LA GARDE";"Périurbaine";"O3";"Fond";"Oui";"mesures fixes";"Moy. journalière";"73.0";"73.4666666667";"µg-m3";"100.0";"100";"100.0";"R";"1";"43.135902";"6.011513"
"2026/02/19 00:00:00";"2026/02/19 23:59:59";"ATMO SUD";"FR93ZRE02";"ZR PROVENCE-ALPES-COTE-D-AZUR";"FR03070";"ESTEREL";"Périurbaine";"O3";"Fond";"Oui";"mesures fixes";"Moy. journalière";"76.0";"75.7";"µg-m3";"92.0";"100";"92.0";"R";"1";"43.437874";"6.76839"
"2026/02/19 00:00:00";"2026/02/19 23:59:59";"ATMO SUD";"FR93ZAG03";"ZAG TOULON";"FR03071";"TOULON CLARET";"Urbaine";"O3";"Fond";"Oui";"mesures fixes";"Moy. journalière";"81.0";"80.8375";"µg-m3";"100.0";"100";"100.0";"R";"1";"43.131113";"5.924184"
"2026/02/19 00:00:00";"2026/02/19 23:59:59";"ATMO SUD";"FR93ZAG04";"ZAG AVIGNON";"FR03080";"AVIGNON   MAIRIE";"Urbaine";"O3";"Fond";"Oui";"mesures fixes";"Moy. journalière";"60.0";"59.8625";"µg-m3";"100.0";"100";"100.0";"R";"1";"43.949673";"4.804341"
"2026/02/19 00:00:00";"2026/02/19 23:59:59";"ATMO SUD";"FR93ZRE02";"ZR PROVENCE-ALPES-COTE-D-AZUR";"FR03086";"APT";"Périurbaine";"O3";"Fond";"Oui";"mesures fixes";"Moy. journalière";"54.0";"54.1541666667";"µg-m3";"100.0";"100";"100.0";"R";"1";"43.88012";"5.362038"
"2026/02/19 00:00:00";"2026/02/19 23:59:59";"ATMO SUD";"FR93ZAG04";"ZAG AVIGNON";"FR03088";"CARPENTRAS";"Périurbaine";"O3";"Fond";"Oui";"mesures fixes";"Moy. journalière";"49.0";"49.1416666667";"µg-m3";"100.0";"100";"100.0";"R";"1";"44.060347";"5.067413"
"2026/02/19 00:00:00";"2026/02/19 23:59:59";"AIRPARIF";"FR11ZAG01";"ZAG PARIS";"FR04004";"PARIS 18eme";"Urbaine";"O3";"Fond";"Oui";"mesures fixes";"Moy. journalière";"53.0";"53.3208333333";"µg-m3";"100.0";"100";"100.0";"A";"1";"48.891666";"2.346667"
"2026/02/19 00:00:00";"2026/02/19 23:59:59";"AIRPARIF";"FR11ZAG01";"ZAG PARIS";"FR04017";"NEUILLY-SUR-SEINE";"Urbaine";"O3";"Fond";"Oui";"mesures fixes";"Moy. journalière";"50.0";"49.5541666667";"µg-m3";"100.0";"100";"100.0";"A";"1";"48.88139";"2.278056"
"2026/02/19 00:00:00";"2026/02/19 23:59:59";"AIRPARIF";"FR11ZAG01";"ZAG PARIS";"FR04023";"CERGY-PONTOISE";"Urbaine";"O3";"Fond";"Oui";"mesures fixes";"Moy. journalière";"62.0";"61.8";"µg-m3";"100.0";"100";"100.0";"A";"1";"49.04639";"2.043056"
"2026/02/19 00:00:00";"2026/02/19 23:59:59";"AIRPARIF";"FR11ZAG01";"ZAG PARIS";"FR04029";"VERSAILLES";"Périurbaine";"O3";"Fond";"Oui";"mesures fixes";"Moy. journalière";"59.0";"59.2681818182";"µg-m3";"92.0";"100";"92.0";"R";"1";"48.799168";"2.130556"
"2026/02/19 00:00:00";"2026/02/19 23:59:59";"AIRPARIF";"FR11ZAG01";"ZAG PARIS";"FR04034";"VITRY-SUR-SEINE";"Urbaine";"O3";"Fond";"Oui";"mesures fixes";"Moy. journalière";"54.0";"54.2166666667";"µg-m3";"100.0";"100";"100.0";"A";"1";"48.775897";"2.375788"
"2026/02/19 00:00:00";"2026/02/19 23:59:59";"AIRPARIF";"FR11ZAG01";"ZAG PARIS";"FR04037";"PARIS 13eme";"Urbaine";"O3";"Fond";"Oui";"mesures fixes";"Moy. journalière";"52.0";"51.5958333333";"µg-m3";"100.0";"100";"100.0";"A";"1";"48.82861";"2.360278"
"2026/02/19 00:00:00";"2026/02/19 23:59:59";"AIRPARIF";"FR11ZRE01";"ZR ILE-DE-FRANCE";"FR04038";"Zone Rurale SO";"Rurale régionale";"O3";"Fond";"Oui";"mesures fixes";"Moy. journalière";"68.0";"68.25";"µg-m3";"100.0";"100";"100.0";"A";"1";"48.581944";"1.883333"
"2026/02/19 00:00:00";"2026/02/19 23:59:59";"AIRPARIF";"FR11ZRE01";"ZR ILE-DE-FRANCE";"FR04048";"Zone Rurale Nord";"Rurale régionale";"O3";"Fond";"Oui";"mesures fixes";"Moy. journalière";"66.0";"66.325";"µg-m3";"100.0";"100";"100.0";"A";"1";"49.100277";"2.343889"
"2026/02/19 00:00:00";"2026/02/19 23:59:59";"AIRPARIF";"FR11ZAG01";"ZAG PARIS";"FR04049";"LES ULIS";"Périurbaine";"O3";"Fond";"Oui";"mesures fixes";"Moy. journalière";"68.0";"68.2666666667";"µg-m3";"100.0";"100";"100.0";"A";"1";"48.679443";"2.165556"
"2026/02/19 00:00:00";"2026/02/19 23:59:59";"AIRPARIF";"FR11ZAG01";"ZAG PARIS";"FR04055";"PARIS 1er Les Halles";"Urbaine";"O3";"Fond";"Oui";"mesures fixes";"Moy. journalière";"55.0";"54.8416666667";"µg-m3";"100.0";"100";"100.0";"A";"1";"48.86212";"2.344616"
"2026/02/19 00:00:00";"2026/02/19 23:59:59";"AIRPARIF";"FR11ZAG01";"ZAG PARIS";"FR04063";"MANTES-LA-JOLIE";"Périurbaine";"O3";"Fond";"Oui";"mesures fixes";"Moy. journalière";"59.0";"58.525";"µg-m3";"100.0";"100";"100.0";"R";"1";"48.9964";"1.7033"
"2026/02/19 00:00:00";"2026/02/19 23:59:59";"AIRPARIF";"FR11ZRE01";"ZR ILE-DE-FRANCE";"FR04066";"Zone rurale Sud";"Rurale régionale";"O3";"Fond";"Oui";"mesures fixes";"Moy. journalière";"69.0";"69.1416666667";"µg-m3";"100.0";"100";"100.0";"A";"1";"48.364166";"2.236944"
"2026/02/19 00:00:00";"2026/02/19 23:59:59";"AIRPARIF";"FR11ZAG01";"ZAG PARIS";"FR04069";"MELUN";"Périurbaine";"O3";"Fond";"Oui";"mesures fixes";"Moy. journalière";"58.0";"58.1166666667";"µg-m3";"100.0";"100";"100.0";"A";"1";"48.54139";"2.661389"
"2026/02/19 00:00:00";"2026/02/19 23:59:59";"AIRPARIF";"FR11ZAG01";"ZAG PARIS";"FR04098";"LOGNES";"Urbaine";"O3";"Fond";"Oui";"mesures fixes";"Moy. journalière";"57.0";"57.2208333333";"µg-m3";"100.0";"100";"100.0";"A";"1";"48.84028";"2.635278"
"2026/02/19 00:00:00";"2026/02/19 23:59:59";"AIRPARIF";"FR11ZAG01";"ZAG PARIS";"FR04100";"VILLEMOMBLE";"Urbaine";"O3";"Fond";"Oui";"mesures fixes";"Moy. journalière";"49.0";"48.9791666667";"µg-m3";"100.0";"100";"100.0";"A";"1";"48.881947";"2.507222"
"2026/02/19 00:00:00";"2026/02/19 23:59:59";"AIRPARIF";"FR11ZAG01";"ZAG PARIS";"FR04101";"CHAMPIGNY-SUR-MARNE";"Urbaine";"O3";"Fond";"Oui";"mesures fixes";"Moy. journalière";"51.0";"50.95";"µg-m3";"100.0";"100";"100.0";"A";"1";"48.816387";"2.5175"
"2026/02/19 00:00:00";"2026/02/19 23:59:59";"AIRPARIF";"FR11ZRE01";"ZR ILE-DE-FRANCE";"FR04142";"Zone Rurale Nord-Est";"Rurale régionale";"O3";"Fond";"Oui";"mesures fixes";"Moy. journalière";"60.0";"59.7";"µg-m3";"100.0";"100";"100.0";"A";"1";"49.028057";"2.750278"
"2026/02/19 00:00:00";"2026/02/19 23:59:59";"AIRPARIF";"FR11ZAG01";"ZAG PARIS";"FR04149";"MONTGERON";"Urbaine";"O3";"Fond";"Oui";"mesures fixes";"Moy. journalière";"58.0";"57.8833333333";"µg-m3";"100.0";"100";"100.0";"A";"1";"48.7067";"2.4572"
"2026/02/19 00:00:00";"2026/02/19 23:59:59";"AIRPARIF";"FR11ZRE01";"ZR ILE-DE-FRANCE";"FR04158";"Zone Rurale NO";"Rurale régionale";"O3";"Fond";"Oui";"mesures fixes";"Moy. journalière";"64.0";"63.7541666667";"µg-m3";"100.0";"100";"100.0";"A";"1";"49.063087";"1.866381"
"2026/02/19 00:00:00";"2026/02/19 23:59:59";"AIRPARIF";"FR11ZRE01";"ZR ILE-DE-FRANCE";"FR04181";"RAMBOUILLET";"Périurbaine";"O3";"Fond";"Oui";"mesures fixes";"Moy. journalière";"65.0";"65.0083333333";"µg-m3";"100.0";"100";"100.0";"A";"1";"48.63373";"1.830529"
"2026/02/19 00:00:00";"2026/02/19 23:59:59";"AIRPARIF";"FR11ZAG01";"ZAG PARIS";"FR04319";"TREMBLAY-EN-FRANCE";"Périurbaine";"O3";"Fond";"Oui";"mesures fixes";"Moy. journalière";"52.0";"51.6291666667";"µg-m3";"100.0";"100";"100.0";"A";"1";"48.95555";"2.575278"
"2026/02/19 00:00:00";"2026/02/19 23:59:59";"AIRPARIF";"FR11ZRE01";"ZR ILE-DE-FRANCE";"FR04324";"Zone Rurale Est";"Rurale régionale";"O3";"Fond";"Oui";"mesures fixes";"Moy. journalière";"86.0";"86.4";"µg-m3";"42.0";"100";"42.0";"N";"-1";"48.761665";"3.058333"
"2026/02/19 00:00:00";"2026/02/19 23:59:59";"AIRPARIF";"FR11ZRE01";"ZR ILE-DE-FRANCE";"FR04328";"Zone Rurale SE";"Rurale régionale";"O3";"Fond";"Oui";"mesures fixes";"Moy. journalière";"69.0";"69.1958333333";"µg-m3";"100.0";"100";"100.0";"A";"1";"48.3547";"2.6453"
"2026/02/19 00:00:00";"2026/02/19 23:59:59";"ATMO NORMANDIE";"FR28ZRE02";"ZR NORMANDIE";"FR05040";"Honfleur Sce Tech.";"Urbaine";"O3";"Fond";"Oui";"mesures fixes";"Moy. journalière";"55.0";"55.0625";"µg-m3";"100.0";"100";"100.0";"A";"1";"49.415108";"0.2437"
"2026/02/19 00:00:00";"2026/02/19 23:59:59";"ATMO NORMANDIE";"FR28ZAR01";"ZAR LE-HAVRE";"FR05074";"Le Havre Ec. Herriot";"Urbaine";"O3";"Fond";"Oui";"mesures fixes";"Moy. journalière";"55.0";"54.7869565217";"µg-m3";"96.0";"100";"96.0";"R";"1";"49.48963";"0.100703"
"2026/02/19 00:00:00";"2026/02/19 23:59:59";"ATMO NORMANDIE";"FR28ZAR01";"ZAR LE-HAVRE";"FR05080";"Rogerville Mairie";"Périurbaine";"O3";"Fond";"Oui";"mesures fixes";"Moy. journalière";"61.0";"61.175";"µg-m3";"100.0";"100";"100.0";"A";"1";"49.50362";"0.266872"
"2026/02/19 00:00:00";"2026/02/19 23:59:59";"ATMO NORMANDIE";"FR28ZRE02";"ZR NORMANDIE";"FR05082";"Touques";"Périurbaine";"O3";"Fond";"Oui";"mesures fixes";"Moy. journalière";"58.0";"57.9166666667";"µg-m3";"100.0";"100";"100.0";"A";"1";"49.348";"0.109253"
"2026/02/19 00:00:00";"2026/02/19 23:59:59";"ATMO NORMANDIE";"FR28ZRE02";"ZR NORMANDIE";"FR05087";"Maison Parc Brotonne";"Rurale régionale";"O3";"Fond";"Oui";"mesures fixes";"Moy. journalière";"49.0";"49.2083333333";"µg-m3";"100.0";"100";"100.0";"R";"1";"49.498417";"0.758697"
"2026/02/19 00:00:00";"2026/02/19 23:59:59";"ATMO NORMANDIE";"FR28ZAR01";"ZAR LE-HAVRE";"FR05090";"Le Havre ville-haute";"Urbaine";"O3";"Fond";"Oui";"mesures fixes";"Moy. journalière";"60.0";"59.5090909091";"µg-m3";"92.0";"100";"92.0";"R";"1";"49.514686";"0.100645"
"2026/02/19 00:00:00";"2026/02/19 23:59:59";"ATMO HAUTS DE FRANCE";"FR32ZAG01";"ZAG BLDV";"FR06011";"Denain Villars";"Périurbaine";"O3";"Fond";"Oui";"mesures indicatives";"Moy. journalière";"38.0";"37.6041666667";"µg-m3";"100.0";"100";"100.0";"A";"1";"50.32276";"3.39593"
"2026/02/19 00:00:00";"2026/02/19 23:59:59";"ATMO HAUTS DE FRANCE";"FR32ZRE01";"ZR HAUTS-DE-FRANCE";"FR06133";"Cartignies";"Rurale près des villes";"O3";"Fond";"Oui";"mesures indicatives";"Moy. journalière";"54.0";"54.1583333333";"µg-m3";"100.0";"100";"100.0";"A";"1";"50.09225";"3.85003"
"2026/02/19 00:00:00";"2026/02/19 23:59:59";"ATMO AUVERGNE-RHÔNE-ALPES";"FR84ZAG04";"ZAG CLERMONT-FERRAND";"FR07004";"Montferrand";"Urbaine";"O3";"Fond";"Oui";"mesures fixes";"Moy. journalière";"82.0";"82.4916666667";"µg-m3";"100.0";"100";"100.0";"A";"1";"45.79728";"3.113833"
"2026/02/19 00:00:00";"2026/02/19 23:59:59";"ATMO AUVERGNE-RHÔNE-ALPES";"FR84ZRE02";"ZR AUVERGNE-RHONE-ALPES";"FR07022";"Paray le Fresil";"Rurale régionale";"O3";"Fond";"Oui";"mesures indicatives";"Moy. journalière";"76.0";"75.6875";"µg-m3";"100.0";"100";"100.0";"A";"1";"46.652668";"3.600667"
"2026/02/19 00:00:00";"2026/02/19 23:59:59";"ATMO AUVERGNE-RHÔNE-ALPES";"FR84ZRE02";"ZR AUVERGNE-RHONE-ALPES";"FR07031";"Rageade";"Rurale régionale";"O3";"Fond";"Oui";"mesures indicatives";"Moy. journalière";"86.0";"85.8208333333";"µg-m3";"100.0";"100";"100.0";"A";"1";"45.10472";"3.277361"
"2026/02/19 00:00:00";"2026/02/19 23:59:59";"ATMO AUVERGNE-RHÔNE-ALPES";"FR84ZRE02";"ZR AUVERGNE-RHONE-ALPES";"FR07052";"Aurillac-Lagarde";"Urbaine";"O3";"Fond";"Oui";"mesures indicatives";"Moy. journalière";"84.0";"84.0625";"µg-m3";"100.0";"100";"100.0";"A";"1";"44.92008";"2.441082"
"2026/02/19 00:00:00";"2026/02/19 23:59:59";"ATMO AUVERGNE-RHÔNE-ALPES";"FR84ZRE02";"ZR AUVERGNE-RHONE-ALPES";"FR07054";"Le Puy-Causans";"Urbaine";"O3";"Fond";"Oui";"mesures indicatives";"Moy. journalière";"83.0";"83.4375";"µg-m3";"100.0";"100";"100.0";"A";"1";"45.039001";"3.887001"
"2026/02/19 00:00:00";"2026/02/19 23:59:59";"ATMO AUVERGNE-RHÔNE-ALPES";"FR84ZRE02";"ZR AUVERGNE-RHONE-ALPES";"FR07056";"Pays du Mezenc";"Rurale régionale";"O3";"Fond";"Oui";"mesures fixes";"Moy. journalière";"84.0";"83.9875";"µg-m3";"100.0";"100";"100.0";"A";"1";"44.98377";"4.226006"
"2026/02/19 00:00:00";"2026/02/19 23:59:59";"ATMO AUVERGNE-RHÔNE-ALPES";"FR84ZRE02";"ZR AUVERGNE-RHONE-ALPES";"FR07057";"Moulins Centre";"Urbaine";"O3";"Fond";"Oui";"mesures fixes";"Moy. journalière";"78.0";"78.2833333333";"µg-m3";"100.0";"100";"100.0";"A";"1";"46.5619722";"3.34063888888888"
"2026/02/19 00:00:00";"2026/02/19 23:59:59";"ATMO AUVERGNE-RHÔNE-ALPES";"FR84ZRE02";"ZR AUVERGNE-RHONE-ALPES";"FR07058";"Montluçon";"Urbaine";"O3";"Fond";"Oui";"mesures indicatives";"Moy. journalière";"74.0";"74.2583333333";"µg-m3";"100.0";"100";"100.0";"A";"1";"46.340723";"2.593945"
"2026/02/19 00:00:00";"2026/02/19 23:59:59";"ATMO AUVERGNE-RHÔNE-ALPES";"FR84ZRE02";"ZR AUVERGNE-RHONE-ALPES";"FR07059";"Vichy";"Urbaine";"O3";"Fond";"Oui";"mesures indicatives";"Moy. journalière";"80.0";"79.5208333333";"µg-m3";"100.0";"100";"100.0";"A";"1";"46.130431";"3.425694"
"2026/02/19 00:00:00";"2026/02/19 23:59:59";"ATMO AUVERGNE-RHÔNE-ALPES";"FR84ZAG04";"ZAG CLERMONT-FERRAND";"FR07060";"Royat Périurbaine";"Périurbaine";"O3";"Fond";"Oui";"mesures fixes";"Moy. journalière";"89.0";"88.6791666667";"µg-m3";"100.0";"100";"100.0";"A";"1";"45.764111";"3.046111"
"2026/02/19 00:00:00";"2026/02/19 23:59:59";"ATMO AUVERGNE-RHÔNE-ALPES";"FR84ZAG04";"ZAG CLERMONT-FERRAND";"FR07061";"Riom Périurbaine";"Périurbaine";"O3";"Fond";"Oui";"mesures indicatives";"Moy. journalière";"74.0";"73.9166666667";"µg-m3";"100.0";"100";"100.0";"A";"1";"45.89674";"3.122254"
"2026/02/19 00:00:00";"2026/02/19 23:59:59";"ATMO OCCITANIE";"FR76ZAG02";"ZAG MONTPELLIER";"FR08016";"Montpellier Prés d'Arènes";"Urbaine";"O3";"Fond";"Oui";"mesures fixes";"Moy. journalière";"85.0";"84.7166666667";"µg-m3";"100.0";"100";"100.0";"R";"1";"43.5915";"3.88681"
"2026/02/19 00:00:00";"2026/02/19 23:59:59";"ATMO OCCITANIE";"FR76ZAG02";"ZAG MONTPELLIER";"FR08017";"Montpellier Périurbaine Sud (Lattes)";"Périurbaine";"O3";"Fond";"Oui";"mesures indicatives";"Moy. journalière";"84.0";"83.7583333333";"µg-m3";"100.0";"100";"100.0";"A";"1";"43.5705";"3.9118"
"2026/02/19 00:00:00";"2026/02/19 23:59:59";"ATMO OCCITANIE";"FR76ZAG02";"ZAG MONTPELLIER";"FR08018";"Montpellier St Gely";"Périurbaine";"O3";"Fond";"Oui";"mesures fixes";"Moy. journalière";"83.0";"83.0708333333";"µg-m3";"100.0";"100";"100.0";"R";"1";"43.6926";"3.80021"
"2026/02/19 00:00:00";"2026/02/19 23:59:59";"ATMO OCCITANIE";"FR76ZRE01";"ZR OCCITANIE";"FR08022";"Agathois-piscénois";"Périurbaine";"O3";"Fond";"Oui";"mesures fixes";"Moy. journalière";"85.0";"85.3416666667";"µg-m3";"100.0";"100";"100.0";"R";"1";"43.2875";"3.50484"
"2026/02/19 00:00:00";"2026/02/19 23:59:59";"ATMO OCCITANIE";"FR76ZRE01";"ZR OCCITANIE";"FR08023";"Biterrois-Narbonnais";"Rurale régionale";"O3";"Fond";"Oui";"mesures fixes";"Moy. journalière";"81.0";"80.6583333333";"µg-m3";"100.0";"100";"100.0";"R";"1";"43.4068";"3.18878"
"2026/02/19 00:00:00";"2026/02/19 23:59:59";"ATMO OCCITANIE";"FR76ZRE01";"ZR OCCITANIE";"FR08209";"Saze Gard Rhodanien2";"Rurale près des villes";"O3";"Fond";"Oui";"mesures fixes";"Moy. journalière";"72.0";"72.3958333333";"µg-m3";"100.0";"100";"100.0";"A";"1";"43.9426";"4.67958"
"2026/02/19 00:00:00";"2026/02/19 23:59:59";"ATMO OCCITANIE";"FR76ZAR02";"ZAR NIMES";"FR08614";"Nimes Gauzy";"Urbaine";"O3";"Fond";"Oui";"mesures fixes";"Moy. journalière";"66.0";"66.0708333333";"µg-m3";"100.0";"100";"100.0";"A";"1";"43.8344";"4.3744"
"2026/02/19 00:00:00";"2026/02/19 23:59:59";"ATMO OCCITANIE";"FR76ZAR02";"ZAR NIMES";"FR08617";"Nimes La Calmette";"Périurbaine";"O3";"Fond";"Oui";"mesures fixes";"Moy. journalière";"61.0";"60.8791666667";"µg-m3";"100.0";"100";"100.0";"A";"1";"43.9254";"4.26581"
"2026/02/19 00:00:00";"2026/02/19 23:59:59";"ATMO OCCITANIE";"FR76ZAR01";"ZAR PERPIGNAN";"FR08712";"Perpignan St Esteve";"Périurbaine";"O3";"Fond";"Oui";"mesures fixes";"Moy. journalière";"93.0";"92.9041666667";"µg-m3";"100.0";"100";"100.0";"A";"1";"42.7198";"2.83988"
"2026/02/19 00:00:00";"2026/02/19 23:59:59";"ATMO OCCITANIE";"FR76ZAR01";"ZAR PERPIGNAN";"FR08714";"Perpignan Les Carmes";"Urbaine";"O3";"Fond";"Oui";"mesures fixes";"Moy. journalière";"87.0";"86.8875";"µg-m3";"100.0";"100";"100.0";"A";"1";"42.6955";"2.90053"
"2026/02/19 00:00:00";"2026/02/19 23:59:59";"ATMO NOUVELLE-AQUITAINE";"FR75ZRE02";"ZR NOUVELLE-AQUITAINE";"FR09003";"place de VERDUN";"Urbaine";"O3";"Fond";"Oui";"mesures fixes";"Moy. journalière";"82.0";"81.7043478261";"µg-m3";"96.0";"100";"96.0";"R";"1";"46.162647";"-1.153684"
"2026/02/19 00:00:00";"2026/02/19 23:59:59";"ATMO NOUVELLE-AQUITAINE";"FR75ZRE02";"ZR NOUVELLE-AQUITAINE";"FR09008";"Aytré";"Périurbaine";"O3";"Fond";"Oui";"mesures fixes";"Moy. journalière";"87.0";"86.9125";"µg-m3";"100.0";"100";"100.0";"A";"1";"46.135134";"-1.117086"
"2026/02/19 00:00:00";"2026/02/19 23:59:59";"ATMO NOUVELLE-AQUITAINE";"FR75ZRE02";"ZR NOUVELLE-AQUITAINE";"FR09015";"Les Couronneries";"Urbaine";"O3";"Fond";"Oui";"mesures fixes";"Moy. journalière";"76.0";"76.4826086957";"µg-m3";"96.0";"100";"96.0";"R";"1";"46.586958";"0.358458"
"2026/02/19 00:00:00";"2026/02/19 23:59:59";"ATMO NOUVELLE-AQUITAINE";"FR75ZRE02";"ZR NOUVELLE-AQUITAINE";"FR09103";"Square Pablo Casals";"Urbaine";"O3";"Fond";"Oui";"mesures fixes";"Moy. journalière";"74.0";"74.2181818182";"µg-m3";"92.0";"100";"92.0";"R";"1";"45.647428";"0.167162"
"2026/02/19 00:00:00";"2026/02/19 23:59:59";"ATMO NOUVELLE-AQUITAINE";"FR75ZRE02";"ZR NOUVELLE-AQUITAINE";"FR09302";"Zoodyssée Chizé";"Rurale régionale";"O3";"Fond";"Oui";"mesures fixes";"Moy. journalière";"80.0";"80.0695652174";"µg-m3";"96.0";"100";"96.0";"R";"1";"46.143234";"-0.395913"
"2026/02/19 00:00:00";"2026/02/19 23:59:59";"ATMO NOUVELLE-AQUITAINE";"FR75ZRE02";"ZR NOUVELLE-AQUITAINE";"FR09303";"Niort Venise";"Urbaine";"O3";"Fond";"Oui";"mesures fixes";"Moy. journalière";"81.0";"81.3666666667";"µg-m3";"100.0";"100";"100.0";"A";"1";"46.320028";"-0.482861"
"2026/02/19 00:00:00";"2026/02/19 23:59:59";"ATMO NOUVELLE-AQUITAINE";"FR75ZRE02";"ZR NOUVELLE-AQUITAINE";"FR09304";"AIRVAULT - Stade Laillé";"Périurbaine";"O3";"Fond";"Oui";"mesures fixes";"Moy. journalière";"79.0";"79.4458333333";"µg-m3";"100.0";"100";"100.0";"A";"1";"46.823796";"-0.135634"
"2026/02/19 00:00:00";"2026/02/19 23:59:59";"ATMO NOUVELLE-AQUITAINE";"FR75ZRE02";"ZR NOUVELLE-AQUITAINE";"FR09404";"Poitiers Centre  Augouard";"Urbaine";"O3";"Fond";"Oui";"mesures fixes";"Moy. journalière";"73.0";"73.0375";"µg-m3";"100.0";"100";"100.0";"R";"1";"46.583998";"0.345582"
"2026/02/19 00:00:00";"2026/02/19 23:59:59";"ATMO HAUTS DE FRANCE";"FR32ZAR01";"ZAR COTE-D-OPALE";"FR10017";"St Pol mer - cheminots";"Urbaine";"O3";"Fond";"Oui";"mesures fixes";"Moy. journalière";"40.0";"40.4625";"µg-m3";"100.0";"100";"100.0";"A";"1";"51.032761";"2.332358"
"2026/02/19 00:00:00";"2026/02/19 23:59:59";"ATMO HAUTS DE FRANCE";"FR32ZAR01";"ZAR COTE-D-OPALE";"FR10025";"Sangatte";"Périurbaine";"O3";"Fond";"Oui";"mesures fixes";"Moy. journalière";"42.0";"41.6208333333";"µg-m3";"100.0";"100";"100.0";"A";"1";"50.94989";"1.76917"
"2026/02/19 00:00:00";"2026/02/19 23:59:59";"ATMO HAUTS DE FRANCE";"FR32ZAR01";"ZAR COTE-D-OPALE";"FR10032";"Outreau";"Périurbaine";"O3";"Fond";"Oui";"mesures fixes";"Moy. journalière";"43.0";"42.9791666667";"µg-m3";"100.0";"100";"100.0";"A";"1";"50.69435";"1.57657"
"2026/02/19 00:00:00";"2026/02/19 23:59:59";"ATMO HAUTS DE FRANCE";"FR32ZRE01";"ZR HAUTS-DE-FRANCE";"FR10132";"Campagne les B.";"Rurale régionale";"O3";"Fond";"Oui";"mesures fixes";"Moy. journalière";"42.0";"41.6666666667";"µg-m3";"100.0";"100";"100.0";"A";"1";"50.61048";"1.99145"
"2026/02/19 00:00:00";"2026/02/19 23:59:59";"ATMO HAUTS DE FRANCE";"FR32ZAG02";"ZAG LILLE";"FR11026";"Halluin stade";"Périurbaine";"O3";"Fond";"Oui";"mesures fixes";"Moy. journalière";"30.0";"30.1523809524";"µg-m3";"88.0";"100";"88.0";"R";"1";"50.775482";"3.12568"
"2026/02/19 00:00:00";"2026/02/19 23:59:59";"ATMO HAUTS DE FRANCE";"FR32ZAG02";"ZAG LILLE";"FR11038";"Tourcoing Houpline";"Urbaine";"O3";"Fond";"Oui";"mesures fixes";"Moy. journalière";"35.0";"34.575";"µg-m3";"100.0";"100";"100.0";"A";"1";"50.733333";"3.173611"
"2026/02/19 00:00:00";"2026/02/19 23:59:59";"ATMO HAUTS DE FRANCE";"FR32ZAG02";"ZAG LILLE";"FR11114";"Wattignies";"Périurbaine";"O3";"Fond";"Oui";"mesures fixes";"Moy. journalière";"29.0";"29.4833333333";"µg-m3";"100.0";"100";"100.0";"A";"1";"50.59774";"3.04946"
"2026/02/19 00:00:00";"2026/02/19 23:59:59";"ATMO OCCITANIE";"FR76ZAG01";"ZAG TOULOUSE";"FR12004";"Toulouse école m. Jacquier";"Urbaine";"O3";"Fond";"Oui";"mesures fixes";"Moy. journalière";"85.0";"84.6208333333";"µg-m3";"100.0";"100";"100.0";"R";"1";"43.575694";"1.418064"
"2026/02/19 00:00:00";"2026/02/19 23:59:59";"ATMO OCCITANIE";"FR76ZRE01";"ZR OCCITANIE";"FR12020";"Peyrusse Vieille";"Rurale nationale";"O3";"Fond";"Oui";"mesures fixes";"Moy. journalière";"92.0";"92.1875";"µg-m3";"100.0";"100";"100.0";"R";"1";"43.6287";"0.179069"
"2026/02/19 00:00:00";"2026/02/19 23:59:59";"ATMO OCCITANIE";"FR76ZRE01";"ZR OCCITANIE";"FR12029";"Gaudonville";"Rurale régionale";"O3";"Fond";"Oui";"mesures fixes";"Moy. journalière";"88.0";"87.6458333333";"µg-m3";"100.0";"100";"100.0";"R";"1";"43.883933";"0.845617"
"2026/02/19 00:00:00";"2026/02/19 23:59:59";"ATMO OCCITANIE";"FR76ZAG01";"ZAG TOULOUSE";"FR12030";"Toulouse Berthelot";"Urbaine";"O3";"Fond";"Oui";"mesures fixes";"Moy. journalière";"86.0";"85.6875";"µg-m3";"100.0";"100";"100.0";"R";"1";"43.587344";"1.444003"
"2026/02/19 00:00:00";"2026/02/19 23:59:59";"ATMO OCCITANIE";"FR76ZRE01";"ZR OCCITANIE";"FR12031";"Belesta en Lauragais";"Rurale régionale";"O3";"Fond";"Oui";"mesures fixes";"Moy. journalière";"87.0";"87.325";"µg-m3";"100.0";"100";"100.0";"A";"1";"43.44139";"1.821944"
"2026/02/19 00:00:00";"2026/02/19 23:59:59";"ATMO OCCITANIE";"FR76ZAG01";"ZAG TOULOUSE";"FR12041";"Montgiscard SICOVAL";"Périurbaine";"O3";"Fond";"Oui";"mesures fixes";"Moy. journalière";"91.0";"90.925";"µg-m3";"100.0";"100";"100.0";"A";"1";"43.457306";"1.571469"
"2026/02/19 00:00:00";"2026/02/19 23:59:59";"ATMO OCCITANIE";"FR76ZRE01";"ZR OCCITANIE";"FR12042";"Lourdes Lapaca";"Urbaine";"O3";"Fond";"Oui";"mesures fixes";"Moy. journalière";"95.0";"95.3166666667";"µg-m3";"100.0";"100";"100.0";"A";"1";"43.096247";"-0.040497"
"2026/02/19 00:00:00";"2026/02/19 23:59:59";"ATMO OCCITANIE";"FR76ZRE01";"ZR OCCITANIE";"FR12052";"Tarbes lycée Dupuy";"Urbaine";"O3";"Fond";"Oui";"mesures fixes";"Moy. journalière";"90.0";"90.4583333333";"µg-m3";"100.0";"100";"100.0";"R";"1";"43.230297";"0.062339"
"2026/02/19 00:00:00";"2026/02/19 23:59:59";"ATMO OCCITANIE";"FR76ZRE01";"ZR OCCITANIE";"FR12053";"Castres stadeTravet";"Urbaine";"O3";"Fond";"Oui";"mesures fixes";"Moy. journalière";"86.0";"85.5416666667";"µg-m3";"100.0";"100";"100.0";"A";"1";"43.610497";"2.23015"
"2026/02/19 00:00:00";"2026/02/19 23:59:59";"ATMO OCCITANIE";"FR76ZRE01";"ZR OCCITANIE";"FR12095";"Rodez Camonil";"Urbaine";"O3";"Fond";"Oui";"mesures fixes";"Moy. journalière";"86.0";"86.0434782609";"µg-m3";"96.0";"100";"96.0";"R";"1";"44.35699225";"2.57070422"
"2026/02/19 00:00:00";"2026/02/19 23:59:59";"ATMO GRAND EST";"FR44ZRE01";"ZR GRAND-EST";"FR14008";"REVIN";"Rurale nationale";"O3";"Fond";"Oui";"mesures fixes";"Moy. journalière";"57.0";"57.0041666667";"µg-m3";"100.0";"100";"100.0";"R";"1";"49.90778";"4.63"
"2026/02/19 00:00:00";"2026/02/19 23:59:59";"ATMO GRAND EST";"FR44ZAR01";"ZAR REIMS";"FR14010";"BETHENY";"Périurbaine";"O3";"Fond";"Oui";"mesures fixes";"Moy. journalière";"68.0";"68.4958333333";"µg-m3";"100.0";"100";"100.0";"R";"1";"49.28222";"4.051111"
"2026/02/19 00:00:00";"2026/02/19 23:59:59";"ATMO GRAND EST";"FR44ZAR01";"ZAR REIMS";"FR14012";"Jean d Aulan";"Urbaine";"O3";"Fond";"Oui";"mesures fixes";"Moy. journalière";"70.0";"70.0625";"µg-m3";"100.0";"100";"100.0";"R";"1";"49.224167";"4.020556"
"2026/02/19 00:00:00";"2026/02/19 23:59:59";"ATMO GRAND EST";"FR44ZRE01";"ZR GRAND-EST";"FR14022";"CHALONS";"Urbaine";"O3";"Fond";"Oui";"mesures fixes";"Moy. journalière";"65.0";"64.5875";"µg-m3";"100.0";"100";"100.0";"A";"1";"48.962223";"4.36"
"2026/02/19 00:00:00";"2026/02/19 23:59:59";"ATMO GRAND EST";"FR44ZRE01";"ZR GRAND-EST";"FR14032";"ST PARRES AUX TERTRE";"Périurbaine";"O3";"Fond";"Oui";"mesures fixes";"Moy. journalière";"69.0";"68.8652173913";"µg-m3";"96.0";"100";"96.0";"R";"1";"48.299168";"4.117222"
"2026/02/19 00:00:00";"2026/02/19 23:59:59";"ATMO GRAND EST";"FR44ZRE01";"ZR GRAND-EST";"FR14042";"St DIZIER L. Michel";"Urbaine";"O3";"Fond";"Oui";"mesures fixes";"Moy. journalière";"69.0";"69.1708333333";"µg-m3";"100.0";"100";"100.0";"R";"1";"48.645836";"4.966111"
"2026/02/19 00:00:00";"2026/02/19 23:59:59";"ATMO GRAND EST";"FR44ZRE01";"ZR GRAND-EST";"FR14051";"CHARLEVILLE";"Urbaine";"O3";"Fond";"Oui";"mesures fixes";"Moy. journalière";"45.0";"45.35";"µg-m3";"100.0";"100";"100.0";"A";"1";"49.745277";"4.719167"
"2026/02/19 00:00:00";"2026/02/19 23:59:59";"ATMO AUVERGNE-RHÔNE-ALPES";"FR84ZAG02";"ZAG GRENOBLE";"FR15013";"Champ sur Drac";"Périurbaine";"O3";"Fond";"Oui";"mesures fixes";"Moy. journalière";"56.0";"56.3416666667";"µg-m3";"100.0";"100";"100.0";"A";"1";"45.07954";"5.728653"
"2026/02/19 00:00:00";"2026/02/19 23:59:59";"ATMO AUVERGNE-RHÔNE-ALPES";"FR84ZAG02";"ZAG GRENOBLE";"FR15018";"Voiron Urbain";"Urbaine";"O3";"Fond";"Oui";"mesures indicatives";"Moy. journalière";"66.0";"66.4208333333";"µg-m3";"100.0";"100";"100.0";"R";"1";"45.360176";"5.589419"
"2026/02/19 00:00:00";"2026/02/19 23:59:59";"ATMO AUVERGNE-RHÔNE-ALPES";"FR93ZRE02";"ZR PROVENCE-ALPES-COTE-D-AZUR";"FR15031";"Le Casset2";"Rurale nationale";"O3";"Fond";"Oui";"mesures indicatives";"Moy. journalière";"87.0";"87.2458333333";"µg-m3";"100.0";"100";"100.0";"R";"1";"44.997";"6.4694"
"2026/02/19 00:00:00";"2026/02/19 23:59:59";"ATMO AUVERGNE-RHÔNE-ALPES";"FR84ZAG02";"ZAG GRENOBLE";"FR15038";"St Martin d'Heres";"Urbaine";"O3";"Fond";"Oui";"mesures fixes";"Moy. journalière";"42.0";"41.9583333333";"µg-m3";"100.0";"100";"100.0";"A";"1";"45.1828";"5.7531"
"2026/02/19 00:00:00";"2026/02/19 23:59:59";"ATMO AUVERGNE-RHÔNE-ALPES";"FR84ZAG02";"ZAG GRENOBLE";"FR15043";"Grenoble Les Frenes";"Urbaine";"O3";"Fond";"Oui";"mesures fixes";"Moy. journalière";"45.0";"45.3791666667";"µg-m3";"100.0";"100";"100.0";"A";"1";"45.1619";"5.7356"
"2026/02/19 00:00:00";"2026/02/19 23:59:59";"ATMO AUVERGNE-RHÔNE-ALPES";"FR84ZAG02";"ZAG GRENOBLE";"FR15045";"Grenoble PeriurbSud";"Périurbaine";"O3";"Fond";"Oui";"mesures indicatives";"Moy. journalière";"51.0";"51.0791666667";"µg-m3";"100.0";"100";"100.0";"A";"1";"45.0578";"5.6767"
"2026/02/19 00:00:00";"2026/02/19 23:59:59";"ATMO AUVERGNE-RHÔNE-ALPES";"FR84ZAG02";"ZAG GRENOBLE";"FR15048";"Gresivaudan Periurb";"Périurbaine";"O3";"Fond";"Oui";"mesures fixes";"Moy. journalière";"53.0";"52.5";"µg-m3";"100.0";"100";"100.0";"A";"1";"45.2797";"5.8822"
"2026/02/19 00:00:00";"2026/02/19 23:59:59";"ATMO GRAND EST";"FR44ZRE01";"ZR GRAND-EST";"FR16017";"Nord-Est Alsace";"Rurale régionale";"O3";"Fond";"Oui";"mesures fixes";"Moy. journalière";"34.0";"34.35";"µg-m3";"100.0";"100";"100.0";"A";"1";"48.919357";"8.158458"
"2026/02/19 00:00:00";"2026/02/19 23:59:59";"ATMO GRAND EST";"FR44ZAG01";"ZAG STRASBOURG";"FR16029";"Strasbourg Nord";"Urbaine";"O3";"Fond";"Oui";"mesures fixes";"Moy. journalière";"27.0";"26.9666666667";"µg-m3";"100.0";"100";"100.0";"A";"1";"48.610363";"7.781631"
"2026/02/19 00:00:00";"2026/02/19 23:59:59";"ATMO GRAND EST";"FR44ZRE01";"ZR GRAND-EST";"FR16031";"Vosges du Nord";"Rurale régionale";"O3";"Fond";"Oui";"mesures fixes";"Moy. journalière";"40.0";"39.575";"µg-m3";"100.0";"100";"100.0";"A";"1";"48.85731";"7.314175"
"2026/02/19 00:00:00";"2026/02/19 23:59:59";"ATMO GRAND EST";"FR44ZAG01";"ZAG STRASBOURG";"FR16041";"Strasbourg Sud 2";"Périurbaine";"O3";"Fond";"Oui";"mesures fixes";"Moy. journalière";"34.0";"33.7913043478";"µg-m3";"96.0";"100";"96.0";"A";"1";"48.5157";"7.687819"
"2026/02/19 00:00:00";"2026/02/19 23:59:59";"ATMO GRAND EST";"FR44ZRE01";"ZR GRAND-EST";"FR16064";"Colmar Sud";"Périurbaine";"O3";"Fond";"Oui";"mesures fixes";"Moy. journalière";"39.0";"39.0";"µg-m3";"96.0";"100";"96.0";"A";"1";"48.065414";"7.333139"
"2026/02/19 00:00:00";"2026/02/19 23:59:59";"ATMO GRAND EST";"FR44ZRE01";"ZR GRAND-EST";"FR16065";"Mulhouse Est";"Périurbaine";"O3";"Fond";"Oui";"mesures fixes";"Moy. journalière";"50.0";"50.0125";"µg-m3";"100.0";"100";"100.0";"A";"1";"47.723106";"7.341603"
"2026/02/19 00:00:00";"2026/02/19 23:59:59";"ATMO GRAND EST";"FR44ZRE01";"ZR GRAND-EST";"FR16066";"Mulhouse Sud 2";"Urbaine";"O3";"Fond";"Oui";"mesures fixes";"Moy. journalière";"35.0";"34.5375";"µg-m3";"100.0";"100";"100.0";"A";"1";"47.737415";"7.309075"
"2026/02/19 00:00:00";"2026/02/19 23:59:59";"ATMO GRAND EST";"FR44ZRE01";"ZR GRAND-EST";"FR16302";"Donon Vosges Moyennes 2";"Rurale nationale";"O3";"Fond";"Oui";"mesures fixes";"Moy. journalière";"56.0";"56.4375";"µg-m3";"100.0";"100";"100.0";"A";"1";"48.492992";"7.1298"
"2026/02/19 00:00:00";"2026/02/19 23:59:59";"ATMO HAUTS DE FRANCE";"FR32ZAR02";"ZAR AMIENS";"FR18035";"Salouel";"Périurbaine";"O3";"Fond";"Oui";"mesures fixes";"Moy. journalière";"43.0";"42.5833333333";"µg-m3";"100.0";"100";"100.0";"A";"1";"49.86889";"2.239806"
"2026/02/19 00:00:00";"2026/02/19 23:59:59";"ATMO HAUTS DE FRANCE";"FR32ZRE01";"ZR HAUTS-DE-FRANCE";"FR18039";"Arrest";"Rurale régionale";"O3";"Fond";"Oui";"mesures fixes";"Moy. journalière";"46.0";"46.475";"µg-m3";"100.0";"100";"100.0";"A";"1";"50.129448";"1.610833"
"2026/02/19 00:00:00";"2026/02/19 23:59:59";"ATMO HAUTS DE FRANCE";"FR32ZRE01";"ZR HAUTS-DE-FRANCE";"FR18042";"P. Roth St Quentin";"Urbaine";"O3";"Fond";"Oui";"mesures fixes";"Moy. journalière";"53.0";"52.9833333333";"µg-m3";"100.0";"100";"100.0";"A";"1";"49.851334";"3.284"
"2026/02/19 00:00:00";"2026/02/19 23:59:59";"ATMO HAUTS DE FRANCE";"FR32ZAR03";"ZAR CREIL";"FR18043";"Faiencerie Creil";"Urbaine";"O3";"Fond";"Oui";"mesures fixes";"Moy. journalière";"57.0";"56.6625";"µg-m3";"100.0";"100";"100.0";"A";"1";"49.259552";"2.474397"
"2026/02/19 00:00:00";"2026/02/19 23:59:59";"ATMO HAUTS DE FRANCE";"FR32ZRE01";"ZR HAUTS-DE-FRANCE";"FR18057";"Neuilly-Saint-Front";"Rurale régionale";"O3";"Fond";"Oui";"mesures indicatives";"Moy. journalière";"70.0";"69.5333333333";"µg-m3";"100.0";"100";"100.0";"A";"1";"49.174931";"3.260819"
"2026/02/19 00:00:00";"2026/02/19 23:59:59";"ATMO HAUTS DE FRANCE";"FR32ZRE01";"ZR HAUTS-DE-FRANCE";"FR18058";"Gaudechart";"Rurale régionale";"O3";"Fond";"Oui";"mesures fixes";"Moy. journalière";"62.0";"61.9083333333";"µg-m3";"100.0";"100";"100.0";"A";"1";"49.61563";"1.963259"
"2026/02/19 00:00:00";"2026/02/19 23:59:59";"AIR BREIZH";"FR53ZAR01";"ZAR BREST";"FR19012";"Brest Mace";"Urbaine";"O3";"Fond";"Oui";"mesures fixes";"Moy. journalière";"86.0";"85.8708333333";"µg-m3";"100.0";"100";"100.0";"A";"1";"48.38618";"-4.4866"
"2026/02/19 00:00:00";"2026/02/19 23:59:59";"AIR BREIZH";"FR53ZAR01";"ZAR BREST";"FR19016";"BREST Plouzané";"Périurbaine";"O3";"Fond";"Oui";"mesures fixes";"Moy. journalière";"84.0";"84.15";"µg-m3";"100.0";"100";"100.0";"R";"1";"48.359444";"-4.568055"
"2026/02/19 00:00:00";"2026/02/19 23:59:59";"AIR BREIZH";"FR53ZAG01";"ZAG RENNES";"FR19018";"MORDELLES BELLAIS";"Périurbaine";"O3";"Fond";"Oui";"mesures fixes";"Moy. journalière";"78.0";"78.3333333333";"µg-m3";"100.0";"100";"100.0";"A";"1";"48.082883";"-1.834583"
"2026/02/19 00:00:00";"2026/02/19 23:59:59";"AIR BREIZH";"FR53ZRE01";"ZR BRETAGNE";"FR19020";"Kergoff";"Rurale nationale";"O3";"Fond";"Oui";"mesures fixes";"Moy. journalière";"84.0";"84.2375";"µg-m3";"100.0";"100";"100.0";"A";"1";"48.261963";"-2.943631"
"2026/02/19 00:00:00";"2026/02/19 23:59:59";"AIR BREIZH";"FR53ZRE01";"ZR BRETAGNE";"FR19032";"Lorient B. Bissonnet";"Urbaine";"O3";"Fond";"Oui";"mesures fixes";"Moy. journalière";"79.0";"78.7";"µg-m3";"88.0";"100";"88.0";"R";"1";"47.7425";"-3.39501"
"2026/02/19 00:00:00";"2026/02/19 23:59:59";"AIR BREIZH";"FR53ZRE01";"ZR BRETAGNE";"FR19033";"Vannes UTA";"Urbaine";"O3";"Fond";"Oui";"mesures fixes";"Moy. journalière";"77.0";"77.2833333333";"µg-m3";"100.0";"100";"100.0";"A";"1";"47.64892";"-2.76399"
"2026/02/19 00:00:00";"2026/02/19 23:59:59";"AIR BREIZH";"FR53ZAG01";"ZAG RENNES";"FR19039";"Rennes Thabor";"Urbaine";"O3";"Fond";"Oui";"mesures fixes";"Moy. journalière";"72.0";"71.5458333333";"µg-m3";"100.0";"100";"100.0";"A";"1";"48.11521";"-1.673088"
"2026/02/19 00:00:00";"2026/02/19 23:59:59";"AIR BREIZH";"FR53ZRE01";"ZR BRETAGNE";"FR19053";"Quimper Zola";"Urbaine";"O3";"Fond";"Oui";"mesures fixes";"Moy. journalière";"86.0";"85.5291666667";"µg-m3";"100.0";"100";"100.0";"A";"1";"47.986606";"-4.097658"
"2026/02/19 00:00:00";"2026/02/19 23:59:59";"AIR BREIZH";"FR53ZRE01";"ZR BRETAGNE";"FR19082";"StMalo Rocabey";"Périurbaine";"O3";"Fond";"Oui";"mesures fixes";"Moy. journalière";"71.0";"71.4833333333";"µg-m3";"100.0";"100";"100.0";"A";"1";"48.65306";"-2.00268"
"2026/02/19 00:00:00";"2026/02/19 23:59:59";"ATMO AUVERGNE-RHÔNE-ALPES";"FR84ZAG01";"ZAG LYON";"FR20037";"TERNAY";"Périurbaine";"O3";"Fond";"Oui";"mesures fixes";"Moy. journalière";"70.0";"70.1916666667";"µg-m3";"100.0";"100";"100.0";"A";"1";"45.6019";"4.8022"
"2026/02/19 00:00:00";"2026/02/19 23:59:59";"ATMO AUVERGNE-RHÔNE-ALPES";"FR84ZAG01";"ZAG LYON";"FR20046";"VAULX EN VELIN";"Urbaine";"O3";"Fond";"Oui";"mesures fixes";"Moy. journalière";"73.0";"73.1384615385";"µg-m3";"54.0";"100";"54.0";"N";"-1";"45.7789";"4.9247"
"2026/02/19 00:00:00";"2026/02/19 23:59:59";"ATMO AUVERGNE-RHÔNE-ALPES";"FR84ZAG01";"ZAG LYON";"FR20047";"COTIERE AIN";"Périurbaine";"O3";"Fond";"Oui";"mesures fixes";"Moy. journalière";"63.0";"62.7166666667";"µg-m3";"100.0";"100";"100.0";"A";"1";"45.823223";"4.953958"
"2026/02/19 00:00:00";"2026/02/19 23:59:59";"ATMO AUVERGNE-RHÔNE-ALPES";"FR84ZAG01";"ZAG LYON";"FR20048";"SAINT EXUPERY";"Périurbaine";"O3";"Fond";"Oui";"mesures fixes";"Moy. journalière";"64.0";"64.2166666667";"µg-m3";"100.0";"100";"100.0";"A";"1";"45.7533";"5.0722"
"2026/02/19 00:00:00";"2026/02/19 23:59:59";"ATMO AUVERGNE-RHÔNE-ALPES";"FR84ZRE02";"ZR AUVERGNE-RHONE-ALPES";"FR20049";"HAUT BEAUJOLAIS";"Rurale près des villes";"O3";"Fond";"Oui";"mesures fixes";"Moy. journalière";"72.0";"72.2666666667";"µg-m3";"100.0";"100";"100.0";"A";"1";"45.96141";"4.465711"
"2026/02/19 00:00:00";"2026/02/19 23:59:59";"ATMO AUVERGNE-RHÔNE-ALPES";"FR84ZAG01";"ZAG LYON";"FR20062";"LYON Centre";"Urbaine";"O3";"Fond";"Oui";"mesures fixes";"Moy. journalière";"59.0";"59.3125";"µg-m3";"100.0";"100";"100.0";"A";"1";"45.757732";"4.854214"
"2026/02/19 00:00:00";"2026/02/19 23:59:59";"ATMO AUVERGNE-RHÔNE-ALPES";"FR84ZAG01";"ZAG LYON";"FR20077";"Villefranche Centre ";"Urbaine";"O3";"Fond";"Oui";"mesures fixes";"Moy. journalière";"63.0";"63.3541666667";"µg-m3";"100.0";"100";"100.0";"A";"1";"45.990112";"4.715566"
"2026/02/19 00:00:00";"2026/02/19 23:59:59";"ATMO NORMANDIE";"FR28ZAR02";"ZAR CAEN";"FR21001";"Caen Chemin-Vert";"Urbaine";"O3";"Fond";"Oui";"mesures fixes";"Moy. journalière";"53.0";"53.1416666667";"µg-m3";"100.0";"100";"100.0";"A";"1";"49.19222";"-0.391111"
"2026/02/19 00:00:00";"2026/02/19 23:59:59";"ATMO NORMANDIE";"FR28ZAR02";"ZAR CAEN";"FR21019";"IFS Caen sud";"Urbaine";"O3";"Fond";"Oui";"mesures fixes";"Moy. journalière";"55.0";"54.7791666667";"µg-m3";"100.0";"100";"100.0";"A";"1";"49.15167";"-0.352778"
"2026/02/19 00:00:00";"2026/02/19 23:59:59";"ATMO NORMANDIE";"FR28ZRE02";"ZR NORMANDIE";"FR21031";"Alençon Météo-France";"Périurbaine";"O3";"Fond";"Oui";"mesures fixes";"Moy. journalière";"66.0";"66.2416666667";"µg-m3";"100.0";"100";"100.0";"A";"1";"48.445553";"0.110833"
"2026/02/19 00:00:00";"2026/02/19 23:59:59";"ATMO NORMANDIE";"FR28ZRE02";"ZR NORMANDIE";"FR21038";"Cherbourg Hotel de Ville";"Urbaine";"O3";"Fond";"Oui";"mesures fixes";"Moy. journalière";"53.0";"52.5333333333";"µg-m3";"100.0";"100";"100.0";"A";"1";"49.64225";"-1.624361"
"2026/02/19 00:00:00";"2026/02/19 23:59:59";"ATMO NORMANDIE";"FR28ZRE02";"ZR NORMANDIE";"FR21040";"Saint-Lô Eglise";"Urbaine";"O3";"Fond";"Oui";"mesures fixes";"Moy. journalière";"61.0";"61.3916666667";"µg-m3";"100.0";"100";"100.0";"A";"1";"49.11639";"-1.084722"
"2026/02/19 00:00:00";"2026/02/19 23:59:59";"ATMO NORMANDIE";"FR28ZAR02";"ZAR CAEN";"FR21041";"Ouistreham Baie de l Orne";"Périurbaine";"O3";"Fond";"Oui";"mesures fixes";"Moy. journalière";"56.0";"55.8125";"µg-m3";"100.0";"100";"100.0";"A";"1";"49.278325";"-0.247074"
"2026/02/19 00:00:00";"2026/02/19 23:59:59";"ATMO NORMANDIE";"FR28ZRE02";"ZR NORMANDIE";"FR21050";"La Coulonche MERA";"Rurale nationale";"O3";"Fond";"Oui";"mesures fixes";"Moy. journalière";"68.0";"67.6125";"µg-m3";"100.0";"100";"100.0";"A";"1";"48.645";"-0.458333"
"2026/02/19 00:00:00";"2026/02/19 23:59:59";"ATMO GRAND EST";"FR44ZRE01";"ZR GRAND-EST";"FR22054";"Station de FORBACH";"Urbaine";"O3";"Fond";"Oui";"mesures fixes";"Moy. journalière";"40.0";"40.475";"µg-m3";"100.0";"100";"100.0";"R";"1";"49.18742";"6.910867"
"2026/02/19 00:00:00";"2026/02/19 23:59:59";"AIR PAYS DE LA LOIRE";"FR52ZRE01";"ZR PAYS-DE-LA-LOIRE";"FR23078";"SAINT EXUPERY";"Urbaine";"O3";"Fond";"Oui";"mesures fixes";"Moy. journalière";"80.0";"79.925";"µg-m3";"100.0";"100";"100.0";"R";"1";"47.055828";"-0.883576"
"2026/02/19 00:00:00";"2026/02/19 23:59:59";"AIR PAYS DE LA LOIRE";"FR52ZAG01";"ZAG NANTES-SAINT-NAZAIRE";"FR23110";"LEON BLUM";"Urbaine";"O3";"Fond";"Oui";"mesures fixes";"Moy. journalière";"80.0";"79.9041666667";"µg-m3";"100.0";"100";"100.0";"R";"1";"47.264109";"-2.250153"
"2026/02/19 00:00:00";"2026/02/19 23:59:59";"AIR PAYS DE LA LOIRE";"FR52ZAR03";"ZAR LAVAL";"FR23123";"MAZAGRAN";"Urbaine";"O3";"Fond";"Oui";"mesures fixes";"Moy. journalière";"69.0";"68.8833333333";"µg-m3";"100.0";"100";"100.0";"R";"1";"48.069299";"-0.768129"
"2026/02/19 00:00:00";"2026/02/19 23:59:59";"AIR PAYS DE LA LOIRE";"FR52ZRE01";"ZR PAYS-DE-LA-LOIRE";"FR23124";"LA TARDIERE";"Rurale nationale";"O3";"Fond";"Oui";"mesures fixes";"Moy. journalière";"73.0";"72.6291666667";"µg-m3";"100.0";"100";"100.0";"R";"1";"46.656625";"-0.743381"
"2026/02/19 00:00:00";"2026/02/19 23:59:59";"AIR PAYS DE LA LOIRE";"FR52ZAR01";"ZAR ANGERS-LOIRE";"FR23150";"APPENTIS";"Urbaine";"O3";"Fond";"Oui";"mesures fixes";"Moy. journalière";"73.0";"73.2958333333";"µg-m3";"100.0";"100";"100.0";"R";"1";"47.447337";"-0.550101"
"2026/02/19 00:00:00";"2026/02/19 23:59:59";"AIR PAYS DE LA LOIRE";"FR52ZRE01";"ZR PAYS-DE-LA-LOIRE";"FR23152";"DELACROIX";"Urbaine";"O3";"Fond";"Oui";"mesures fixes";"Moy. journalière";"82.0";"81.6";"µg-m3";"100.0";"100";"100.0";"R";"1";"46.660649";"-1.43686"
"2026/02/19 00:00:00";"2026/02/19 23:59:59";"AIR PAYS DE LA LOIRE";"FR52ZAG01";"ZAG NANTES-SAINT-NAZAIRE";"FR23157";"EPINETTES";"Périurbaine";"O3";"Fond";"Oui";"mesures fixes";"Moy. journalière";"79.0";"78.6416666667";"µg-m3";"100.0";"100";"100.0";"R";"1";"47.146089";"-1.690269"
"2026/02/19 00:00:00";"2026/02/19 23:59:59";"AIR PAYS DE LA LOIRE";"FR52ZRE01";"ZR PAYS-DE-LA-LOIRE";"FR23163";"Fillé";"Périurbaine";"O3";"Fond";"Oui";"mesures fixes";"Moy. journalière";"72.0";"72.1375";"µg-m3";"100.0";"100";"100.0";"R";"1";"47.921923";"0.151895"
"2026/02/19 00:00:00";"2026/02/19 23:59:59";"AIR PAYS DE LA LOIRE";"FR52ZAR01";"ZAR ANGERS-LOIRE";"FR23175";"CLOS DES BEAUVAIS";"Périurbaine";"O3";"Fond";"Oui";"mesures fixes";"Moy. journalière";"74.0";"73.7791666667";"µg-m3";"100.0";"100";"100.0";"R";"1";"47.430119";"-0.610006"
"2026/02/19 00:00:00";"2026/02/19 23:59:59";"AIR PAYS DE LA LOIRE";"FR52ZRE01";"ZR PAYS-DE-LA-LOIRE";"FR23177";"SAINT-DENIS D'ANJOU";"Rurale régionale";"O3";"Fond";"Oui";"mesures fixes";"Moy. journalière";"72.0";"71.7";"µg-m3";"100.0";"100";"100.0";"R";"1";"47.788334";"-0.444756"
"2026/02/19 00:00:00";"2026/02/19 23:59:59";"AIR PAYS DE LA LOIRE";"FR52ZAR02";"ZAR LE-MANS";"FR23182";"SOURCES";"Urbaine";"O3";"Fond";"Oui";"mesures fixes";"Moy. journalière";"68.0";"68.0333333333";"µg-m3";"100.0";"100";"100.0";"R";"1";"47.971144";"0.221356"
"2026/02/19 00:00:00";"2026/02/19 23:59:59";"AIR PAYS DE LA LOIRE";"FR52ZAG01";"ZAG NANTES-SAINT-NAZAIRE";"FR23188";"CIM BOUTEILLERIE";"Urbaine";"O3";"Fond";"Oui";"mesures fixes";"Moy. journalière";"79.0";"78.5583333333";"µg-m3";"100.0";"100";"100.0";"R";"1";"47.222188";"-1.537432"
"2026/02/19 00:00:00";"2026/02/19 23:59:59";"AIR PAYS DE LA LOIRE";"FR52ZAG01";"ZAG NANTES-SAINT-NAZAIRE";"FR23230";"GASPARD";"Périurbaine";"O3";"Fond";"Oui";"mesures fixes";"Moy. journalière";"83.0";"83.1541666667";"µg-m3";"100.0";"100";"100.0";"R";"1";"47.253036";"-2.332025"
"2026/02/19 00:00:00";"2026/02/19 23:59:59";"ATMO SUD";"FR93ZAG02";"ZAG NICE";"FR24007";"ANTIBES JEAN MOULIN";"Périurbaine";"O3";"Fond";"Oui";"mesures fixes";"Moy. journalière";"68.0";"67.6791666667";"µg-m3";"100.0";"100";"100.0";"R";"1";"43.598803";"7.093153"
"2026/02/19 00:00:00";"2026/02/19 23:59:59";"ATMO SUD";"FR93ZAG02";"ZAG NICE";"FR24009";"CANNES BROUSSAILLES";"Urbaine";"O3";"Fond";"Oui";"mesures fixes";"Moy. journalière";"77.0";"76.5";"µg-m3";"100.0";"100";"100.0";"R";"1";"43.558389";"7.005919"
"2026/02/19 00:00:00";"2026/02/19 23:59:59";"ATMO SUD";"FR93ZAG02";"ZAG NICE";"FR24011";"NICE OUEST BOTANIQUE";"Périurbaine";"O3";"Fond";"Oui";"mesures fixes";"Moy. journalière";"72.0";"72.1541666667";"µg-m3";"100.0";"100";"100.0";"R";"1";"43.685188";"7.211174"
"2026/02/19 00:00:00";"2026/02/19 23:59:59";"ATMO SUD";"FR93ZRE02";"ZR PROVENCE-ALPES-COTE-D-AZUR";"FR24014";"CIANS";"Rurale régionale";"O3";"Fond";"Oui";"mesures fixes";"Moy. journalière";"78.0";"78.1291666667";"µg-m3";"100.0";"100";"100.0";"R";"1";"44.094688";"6.988978"
"2026/02/19 00:00:00";"2026/02/19 23:59:59";"ATMO SUD";"FR93ZRE02";"ZR PROVENCE-ALPES-COTE-D-AZUR";"FR24033";"GAP COMMANDERIE";"Urbaine";"O3";"Fond";"Oui";"mesures fixes";"Moy. journalière";"64.0";"64.4083333333";"µg-m3";"100.0";"100";"100.0";"R";"1";"44.555193";"6.073015"
"2026/02/19 00:00:00";"2026/02/19 23:59:59";"ATMO SUD";"FR93ZAG02";"ZAG NICE";"FR24036";"NICE ARSON";"Urbaine";"O3";"Fond";"Oui";"mesures fixes";"Moy. journalière";"61.0";"60.5375";"µg-m3";"100.0";"100";"100.0";"R";"1";"43.702075";"7.286256"
"2026/02/19 00:00:00";"2026/02/19 23:59:59";"ATMO SUD";"FR93ZRE02";"ZR PROVENCE-ALPES-COTE-D-AZUR";"FR24039";"Obs Haute-Provence";"Rurale près des villes";"O3";"Fond";"Oui";"mesures fixes";"Moy. journalière";"77.0";"76.725";"µg-m3";"100.0";"100";"100.0";"R";"1";"43.933476";"5.711809"
"2026/02/19 00:00:00";"2026/02/19 23:59:59";"ATMO SUD";"FR93ZRE02";"ZR PROVENCE-ALPES-COTE-D-AZUR";"FR24040";"Cheiron";"Rurale régionale";"O3";"Fond";"Oui";"mesures fixes";"Moy. journalière";"86.0";"86.2875";"µg-m3";"100.0";"100";"100.0";"R";"1";"43.791911";"7.048276"
"2026/02/19 00:00:00";"2026/02/19 23:59:59";"ATMO NORMANDIE";"FR28ZAG01";"ZAG ROUEN";"FR25036";"Espace du Palais";"Urbaine";"O3";"Fond";"Oui";"mesures fixes";"Moy. journalière";"48.0";"47.6291666667";"µg-m3";"100.0";"100";"100.0";"A";"1";"49.442358";"1.093789"
"2026/02/19 00:00:00";"2026/02/19 23:59:59";"ATMO NORMANDIE";"FR28ZRE02";"ZR NORMANDIE";"FR25039";"Evreux Centre";"Urbaine";"O3";"Fond";"Oui";"mesures fixes";"Moy. journalière";"60.0";"59.8125";"µg-m3";"100.0";"100";"100.0";"A";"1";"49.02134";"1.148319"
"2026/02/19 00:00:00";"2026/02/19 23:59:59";"ATMO NORMANDIE";"FR28ZAG01";"ZAG ROUEN";"FR25040";"Mesnil Esnard";"Périurbaine";"O3";"Fond";"Oui";"mesures fixes";"Moy. journalière";"51.0";"51.4476190476";"µg-m3";"88.0";"100";"88.0";"R";"1";"49.40619";"1.15515"
"2026/02/19 00:00:00";"2026/02/19 23:59:59";"ATMO NORMANDIE";"FR28ZAG01";"ZAG ROUEN";"FR25043";"Centre Hospitalier";"Urbaine";"O3";"Fond";"Oui";"mesures fixes";"Moy. journalière";"47.0";"46.6958333333";"µg-m3";"100.0";"100";"100.0";"A";"1";"49.4005";"1.099042"
"2026/02/19 00:00:00";"2026/02/19 23:59:59";"ATMO NORMANDIE";"FR28ZRE02";"ZR NORMANDIE";"FR25049";"Base loisirs Poses";"Rurale près des villes";"O3";"Fond";"Oui";"mesures fixes";"Moy. journalière";"58.0";"57.7791666667";"µg-m3";"100.0";"100";"100.0";"A";"1";"49.30487";"1.214367"
"2026/02/19 00:00:00";"2026/02/19 23:59:59";"ATMO NORMANDIE";"FR28ZRE02";"ZR NORMANDIE";"FR25050";"Bures-en-bray";"Rurale régionale";"O3";"Fond";"Oui";"mesures fixes";"Moy. journalière";"41.0";"41.0708333333";"µg-m3";"100.0";"100";"100.0";"A";"1";"49.78122";"1.345083"
"2026/02/19 00:00:00";"2026/02/19 23:59:59";"ATMO NORMANDIE";"FR28ZRE02";"ZR NORMANDIE";"FR25055";"Dieppe Golf";"Périurbaine";"O3";"Fond";"Oui";"mesures fixes";"Moy. journalière";"52.0";"52.1541666667";"µg-m3";"100.0";"100";"100.0";"A";"1";"49.920492";"1.047892"
"2026/02/19 00:00:00";"2026/02/19 23:59:59";"ATMO BOURGOGNE-FRANCHE-COMTE";"FR27ZAR02";"ZAR DIJON";"FR26005";"Dijon Péjoces";"Périurbaine";"O3";"Fond";"Oui";"mesures fixes";"Moy. journalière";"0.0";"0.0";"µg-m3";"0.0";"100";"0.0";"N";"-1";"47.307368";"5.065881"
"2026/02/19 00:00:00";"2026/02/19 23:59:59";"ATMO BOURGOGNE-FRANCHE-COMTE";"FR27ZRE01";"ZR BOURGOGNE-FRANCHE-COMTE";"FR26012";"Morvan";"Rurale nationale";"O3";"Fond";"Oui";"mesures fixes";"Moy. journalière";"82.0";"81.6541666667";"µg-m3";"100.0";"100";"100.0";"R";"1";"47.274762";"4.099476"
"2026/02/19 00:00:00";"2026/02/19 23:59:59";"ATMO BOURGOGNE-FRANCHE-COMTE";"FR27ZRE01";"ZR BOURGOGNE-FRANCHE-COMTE";"FR26016";"Sens";"Urbaine";"O3";"Fond";"Oui";"mesures fixes";"Moy. journalière";"74.0";"73.5166666667";"µg-m3";"100.0";"100";"100.0";"A";"1";"48.200436";"3.2773"
"2026/02/19 00:00:00";"2026/02/19 23:59:59";"ATMO BOURGOGNE-FRANCHE-COMTE";"FR27ZRE01";"ZR BOURGOGNE-FRANCHE-COMTE";"FR26017";"Nevers";"Urbaine";"O3";"Fond";"Oui";"mesures fixes";"Moy. journalière";"72.0";"71.7791666667";"µg-m3";"100.0";"100";"100.0";"A";"1";"46.996828";"3.171092"
"2026/02/19 00:00:00";"2026/02/19 23:59:59";"ATMO BOURGOGNE-FRANCHE-COMTE";"FR27ZRE01";"ZR BOURGOGNE-FRANCHE-COMTE";"FR26019";"Auxerre";"Urbaine";"O3";"Fond";"Oui";"mesures fixes";"Moy. journalière";"74.0";"74.125";"µg-m3";"100.0";"100";"100.0";"A";"1";"47.800575";"3.576189"
"2026/02/19 00:00:00";"2026/02/19 23:59:59";"ATMO AUVERGNE-RHÔNE-ALPES";"FR84ZAR02";"ZAR VALLEE-DU-RHONE";"FR27002";"ROUSSILLON";"Urbaine";"O3";"Fond";"Oui";"mesures indicatives";"Moy. journalière";"59.0";"59.0";"µg-m3";"100.0";"100";"100.0";"A";"1";"45.36782";"4.805147"
"2026/02/19 00:00:00";"2026/02/19 23:59:59";"ATMO AUVERGNE-RHÔNE-ALPES";"FR84ZRE02";"ZR AUVERGNE-RHONE-ALPES";"FR27003";"ROCHES DE CONDRIEU";"Périurbaine";"O3";"Fond";"Oui";"mesures fixes";"Moy. journalière";"67.0";"66.6708333333";"µg-m3";"100.0";"100";"100.0";"A";"1";"45.454517";"4.766528"
"2026/02/19 00:00:00";"2026/02/19 23:59:59";"ATMO AUVERGNE-RHÔNE-ALPES";"FR84ZAR02";"ZAR VALLEE-DU-RHONE";"FR27005";"Sablons";"Périurbaine";"O3";"Fond";"Oui";"mesures fixes";"Moy. journalière";"74.0";"73.847826087";"µg-m3";"96.0";"100";"96.0";"A";"1";"45.321845";"4.770702"
"2026/02/19 00:00:00";"2026/02/19 23:59:59";"ATMO AUVERGNE-RHÔNE-ALPES";"FR84ZAG01";"ZAG LYON";"FR27007";"Bourgoin-Jallieu";"Urbaine";"O3";"Fond";"Oui";"mesures indicatives";"Moy. journalière";"68.0";"68.2041666667";"µg-m3";"100.0";"100";"100.0";"A";"1";"45.60822";"5.270872"
"2026/02/19 00:00:00";"2026/02/19 23:59:59";"ATMO AUVERGNE-RHÔNE-ALPES";"FR84ZRE02";"ZR AUVERGNE-RHONE-ALPES";"FR27010";"Plateau de Bonnevaux";"Rurale près des villes";"O3";"Fond";"Oui";"mesures fixes";"Moy. journalière";"79.0";"79.2416666667";"µg-m3";"100.0";"100";"100.0";"R";"1";"45.4609";"5.181081"
"2026/02/19 00:00:00";"2026/02/19 23:59:59";"ATMO HAUTS DE FRANCE";"FR32ZAG01";"ZAG BLDV";"FR28010";"Harnes Serres";"Périurbaine";"O3";"Fond";"Oui";"mesures fixes";"Moy. journalière";"35.0";"35.3583333333";"µg-m3";"100.0";"100";"100.0";"A";"1";"50.44914";"2.9"
"2026/02/19 00:00:00";"2026/02/19 23:59:59";"ATMO HAUTS DE FRANCE";"FR32ZAR04";"ZAR ARRAS";"FR28022";"St-Laurent-Blangy";"Périurbaine";"O3";"Fond";"Oui";"mesures fixes";"Moy. journalière";"42.0";"41.7625";"µg-m3";"100.0";"100";"100.0";"A";"1";"50.30886";"2.807369"
"2026/02/19 00:00:00";"2026/02/19 23:59:59";"ATMO HAUTS DE FRANCE";"FR32ZAG01";"ZAG BLDV";"FR28028";"Bethune Stade";"Urbaine";"O3";"Fond";"Oui";"mesures fixes";"Moy. journalière";"33.0";"32.5333333333";"µg-m3";"100.0";"100";"100.0";"A";"1";"50.535385";"2.635692"
"2026/02/19 00:00:00";"2026/02/19 23:59:59";"ATMO AUVERGNE-RHÔNE-ALPES";"FR84ZAG03";"ZAG SAINT-ETIENNE";"FR29424";"SAINT ETIENNE SUD";"Urbaine";"O3";"Fond";"Oui";"mesures fixes";"Moy. journalière";"70.0";"69.8291666667";"µg-m3";"100.0";"100";"100.0";"A";"1";"45.42009";"4.395422"
"2026/02/19 00:00:00";"2026/02/19 23:59:59";"ATMO AUVERGNE-RHÔNE-ALPES";"FR84ZAG03";"ZAG SAINT-ETIENNE";"FR29426";"SAINT-CHAMOND";"Urbaine";"O3";"Fond";"Oui";"mesures indicatives";"Moy. journalière";"75.0";"75.0043478261";"µg-m3";"96.0";"100";"96.0";"A";"1";"45.475327";"4.515003"
"2026/02/19 00:00:00";"2026/02/19 23:59:59";"ATMO AUVERGNE-RHÔNE-ALPES";"FR84ZAG03";"ZAG SAINT-ETIENNE";"FR29439";"LA TALAUDIERE";"Périurbaine";"O3";"Fond";"Oui";"mesures fixes";"Moy. journalière";"83.0";"83.1583333333";"µg-m3";"100.0";"100";"100.0";"R";"1";"45.481777";"4.429667"
"2026/02/19 00:00:00";"2026/02/19 23:59:59";"ATMO GRAND EST";"FR44ZRE01";"ZR GRAND-EST";"FR30019";"Epinal";"Urbaine";"O3";"Fond";"Oui";"mesures fixes";"Moy. journalière";"66.0";"65.6625";"µg-m3";"100.0";"100";"100.0";"A";"1";"48.1726528";"6.45281666"
"2026/02/19 00:00:00";"2026/02/19 23:59:59";"ATMO GRAND EST";"FR44ZRE01";"ZR GRAND-EST";"FR30028";"Schlucht";"Rurale près des villes";"O3";"Fond";"Oui";"mesures fixes";"Moy. journalière";"78.0";"78.3416666667";"µg-m3";"100.0";"100";"100.0";"R";"1";"48.051117";"7.011114"
"2026/02/19 00:00:00";"2026/02/19 23:59:59";"ATMO GRAND EST";"FR44ZRE01";"ZR GRAND-EST";"FR30033";"Jonville en Woevre";"Rurale régionale";"O3";"Fond";"Oui";"mesures fixes";"Moy. journalière";"50.0";"49.9416666667";"µg-m3";"100.0";"100";"100.0";"A";"1";"49.06583";"5.785556"
"2026/02/19 00:00:00";"2026/02/19 23:59:59";"ATMO GRAND EST";"FR44ZAG03";"ZAG NANCY";"FR30034";"Nancy-Charles III";"Urbaine";"O3";"Fond";"Oui";"mesures fixes";"Moy. journalière";"52.0";"52.1583333333";"µg-m3";"100.0";"100";"100.0";"R";"1";"48.68817";"6.190431"
"2026/02/19 00:00:00";"2026/02/19 23:59:59";"ATMO GRAND EST";"FR44ZAG03";"ZAG NANCY";"FR30037";"Nancy-Brabois 2";"Périurbaine";"O3";"Fond";"Oui";"mesures fixes";"Moy. journalière";"59.0";"59.2916666667";"µg-m3";"100.0";"100";"100.0";"A";"1";"48.656944";"6.136022"
"2026/02/19 00:00:00";"2026/02/19 23:59:59";"ATMO NOUVELLE-AQUITAINE";"FR75ZAG01";"ZAG BORDEAUX";"FR31001";"GRAND PARC";"Urbaine";"O3";"Fond";"Oui";"mesures fixes";"Moy. journalière";"84.0";"83.8625";"µg-m3";"100.0";"100";"100.0";"A";"1";"44.86121";"-0.58037"
"2026/02/19 00:00:00";"2026/02/19 23:59:59";"ATMO NOUVELLE-AQUITAINE";"FR75ZAG01";"ZAG BORDEAUX";"FR31002";"TALENCE";"Urbaine";"O3";"Fond";"Oui";"mesures fixes";"Moy. journalière";"84.0";"83.9875";"µg-m3";"100.0";"100";"100.0";"A";"1";"44.800462";"-0.589398"
"2026/02/19 00:00:00";"2026/02/19 23:59:59";"ATMO NOUVELLE-AQUITAINE";"FR75ZAG01";"ZAG BORDEAUX";"FR31007";"BASSENS";"Urbaine";"O3";"Fond";"Oui";"mesures fixes";"Moy. journalière";"81.0";"80.9";"µg-m3";"100.0";"100";"100.0";"A";"1";"44.900296";"-0.515835"
"2026/02/19 00:00:00";"2026/02/19 23:59:59";"ATMO NOUVELLE-AQUITAINE";"FR75ZRE02";"ZR NOUVELLE-AQUITAINE";"FR31008";"LE TEMPLE";"Rurale régionale";"O3";"Fond";"Oui";"mesures fixes";"Moy. journalière";"87.0";"87.2";"µg-m3";"100.0";"100";"100.0";"A";"1";"44.86581";"-0.94"
"2026/02/19 00:00:00";"2026/02/19 23:59:59";"ATMO NOUVELLE-AQUITAINE";"FR75ZAG01";"ZAG BORDEAUX";"FR31010";"AMBES";"Périurbaine";"O3";"Fond";"Oui";"mesures fixes";"Moy. journalière";"87.0";"87.4166666667";"µg-m3";"100.0";"100";"100.0";"R";"1";"45.014777";"-0.533942"
"2026/02/19 00:00:00";"2026/02/19 23:59:59";"ATMO NOUVELLE-AQUITAINE";"FR75ZRE02";"ZR NOUVELLE-AQUITAINE";"FR31013";"BILLERE";"Urbaine";"O3";"Fond";"Oui";"mesures fixes";"Moy. journalière";"93.0";"93.0291666667";"µg-m3";"100.0";"100";"100.0";"R";"1";"43.310797";"-0.391543"
"2026/02/19 00:00:00";"2026/02/19 23:59:59";"ATMO NOUVELLE-AQUITAINE";"FR75ZAG02";"ZAG BAYONNE";"FR31016";"SAINT-CROUTS";"Urbaine";"O3";"Fond";"Oui";"mesures fixes";"Moy. journalière";"95.0";"95.2166666667";"µg-m3";"100.0";"100";"100.0";"A";"1";"43.47982";"-1.489157"
"2026/02/19 00:00:00";"2026/02/19 23:59:59";"ATMO NOUVELLE-AQUITAINE";"FR75ZRE02";"ZR NOUVELLE-AQUITAINE";"FR31021";"LABASTIDE CEZERACQ";"Rurale près des villes";"O3";"Fond";"Oui";"mesures fixes";"Moy. journalière";"91.0";"90.9666666667";"µg-m3";"100.0";"100";"100.0";"R";"1";"43.376279";"-0.538206"
"2026/02/19 00:00:00";"2026/02/19 23:59:59";"ATMO NOUVELLE-AQUITAINE";"FR75ZRE02";"ZR NOUVELLE-AQUITAINE";"FR31033";"PERIGUEUX";"Urbaine";"O3";"Fond";"Oui";"mesures fixes";"Moy. journalière";"82.0";"81.8739130435";"µg-m3";"96.0";"100";"96.0";"R";"1";"45.189825";"0.727184"
"2026/02/19 00:00:00";"2026/02/19 23:59:59";"ATMO NOUVELLE-AQUITAINE";"FR75ZAG02";"ZAG BAYONNE";"FR31043";"Biarritz-hippodrome";"Périurbaine";"O3";"Fond";"Oui";"mesures fixes";"Moy. journalière";"98.0";"98.4333333333";"µg-m3";"100.0";"100";"100.0";"A";"1";"43.470237";"-1.553876"
"2026/02/19 00:00:00";"2026/02/19 23:59:59";"ATMO NOUVELLE-AQUITAINE";"FR75ZRE02";"ZR NOUVELLE-AQUITAINE";"FR31055";"MONT-DE-MARSAN - MIDOUZE";"Urbaine";"O3";"Fond";"Oui";"mesures fixes";"Moy. journalière";"84.0";"84.3916666667";"µg-m3";"100.0";"100";"100.0";"A";"1";"43.888972";"-0.507028"
"2026/02/19 00:00:00";"2026/02/19 23:59:59";"ATMO BOURGOGNE-FRANCHE-COMTE";"FR27ZAR04";"ZAR CHALON";"FR32002";"Champforgueil";"Périurbaine";"O3";"Fond";"Oui";"mesures fixes";"Moy. journalière";"71.0";"71.1708333333";"µg-m3";"100.0";"100";"100.0";"A";"1";"46.821056";"4.835083"
"2026/02/19 00:00:00";"2026/02/19 23:59:59";"ATMO BOURGOGNE-FRANCHE-COMTE";"FR27ZRE01";"ZR BOURGOGNE-FRANCHE-COMTE";"FR32005";"Montceau-les-Mines 9me écluse";"Urbaine";"O3";"Fond";"Oui";"mesures fixes";"Moy. journalière";"74.0";"73.6583333333";"µg-m3";"100.0";"100";"100.0";"A";"1";"46.678785";"4.366893"
"2026/02/19 00:00:00";"2026/02/19 23:59:59";"ATMO BOURGOGNE-FRANCHE-COMTE";"FR27ZRE01";"ZR BOURGOGNE-FRANCHE-COMTE";"FR32006";"Macon Paul Bert";"Périurbaine";"O3";"Fond";"Oui";"mesures fixes";"Moy. journalière";"78.0";"77.725";"µg-m3";"100.0";"100";"100.0";"A";"1";"46.316172";"4.839994"
"2026/02/19 00:00:00";"2026/02/19 23:59:59";"ATMO AUVERGNE-RHÔNE-ALPES";"FR84ZAR01";"ZAR PAYS-DE-SAVOIE";"FR33102";"CHAMBERY LE HAUT";"Urbaine";"O3";"Fond";"Oui";"mesures indicatives";"Moy. journalière";"78.0";"78.3833333333";"µg-m3";"100.0";"100";"100.0";"A";"1";"45.59667";"5.918611"
"2026/02/19 00:00:00";"2026/02/19 23:59:59";"ATMO AUVERGNE-RHÔNE-ALPES";"FR84ZAR03";"ZAR VALLEE-DE-L-ARVE";"FR33120";"CHAMONIX";"Urbaine";"O3";"Fond";"Oui";"mesures fixes";"Moy. journalière";"34.0";"34.475";"µg-m3";"100.0";"100";"100.0";"R";"1";"45.9225";"6.87"
"2026/02/19 00:00:00";"2026/02/19 23:59:59";"ATMO AUVERGNE-RHÔNE-ALPES";"FR84ZAR04";"ZAR VALLEE-DE-LA-TARANTAISE";"FR33121";"Albertville";"Urbaine";"O3";"Fond";"Oui";"mesures fixes";"Moy. journalière";"67.0";"67.3208333333";"µg-m3";"100.0";"100";"100.0";"A";"1";"45.675";"6.389722"
"2026/02/19 00:00:00";"2026/02/19 23:59:59";"ATMO AUVERGNE-RHÔNE-ALPES";"FR84ZAR01";"ZAR PAYS-DE-SAVOIE";"FR33201";"LOVERCHY";"Urbaine";"O3";"Fond";"Oui";"mesures fixes";"Moy. journalière";"68.0";"67.8958333333";"µg-m3";"100.0";"100";"100.0";"A";"1";"45.89528";"6.118333"
"2026/02/19 00:00:00";"2026/02/19 23:59:59";"ATMO AUVERGNE-RHÔNE-ALPES";"FR84ZAR01";"ZAR PAYS-DE-SAVOIE";"FR33211";"ANNEMASSE";"Urbaine";"O3";"Fond";"Oui";"mesures indicatives";"Moy. journalière";"68.0";"68.4272727273";"µg-m3";"92.0";"100";"92.0";"R";"1";"46.19583";"6.240556"
"2026/02/19 00:00:00";"2026/02/19 23:59:59";"ATMO AUVERGNE-RHÔNE-ALPES";"FR84ZAR01";"ZAR PAYS-DE-SAVOIE";"FR33212";"GAILLARD";"Urbaine";"O3";"Fond";"Oui";"mesures fixes";"Moy. journalière";"70.0";"70.4416666667";"µg-m3";"100.0";"100";"100.0";"A";"1";"46.193641";"6.214534"
"2026/02/19 00:00:00";"2026/02/19 23:59:59";"ATMO AUVERGNE-RHÔNE-ALPES";"FR84ZAR03";"ZAR VALLEE-DE-L-ARVE";"FR33220";"PASSY";"Périurbaine";"O3";"Fond";"Oui";"mesures fixes";"Moy. journalière";"53.0";"53.1791666667";"µg-m3";"100.0";"100";"100.0";"R";"1";"45.92361";"6.713611"
"2026/02/19 00:00:00";"2026/02/19 23:59:59";"ATMO AUVERGNE-RHÔNE-ALPES";"FR84ZRE02";"ZR AUVERGNE-RHONE-ALPES";"FR33302";"St Germain/Rhône";"Rurale près des villes";"O3";"Fond";"Oui";"mesures fixes";"Moy. journalière";"75.0";"75.2";"µg-m3";"100.0";"100";"100.0";"A";"1";"46.072224";"5.820833"
"2026/02/19 00:00:00";"2026/02/19 23:59:59";"ATMO AUVERGNE-RHÔNE-ALPES";"FR84ZRE02";"ZR AUVERGNE-RHONE-ALPES";"FR33305";"Bourg-en-Bresse";"Urbaine";"O3";"Fond";"Oui";"mesures fixes";"Moy. journalière";"62.0";"61.9416666667";"µg-m3";"100.0";"100";"100.0";"A";"1";"46.211666";"5.226389"
"2026/02/19 00:00:00";"2026/02/19 23:59:59";"LIG'AIR";"FR24ZAG02";"ZAG ORLEANS";"FR34017";"Marigny-les-usages";"Périurbaine";"O3";"Fond";"Oui";"mesures fixes";"Moy. journalière";"71.0";"71.0458333333";"µg-m3";"100.0";"100";"100.0";"A";"1";"47.958972";"2.009278"
"2026/02/19 00:00:00";"2026/02/19 23:59:59";"LIG'AIR";"FR24ZAG01";"ZAG TOURS";"FR34024";"Joué lès Tours";"Urbaine";"O3";"Fond";"Oui";"mesures fixes";"Moy. journalière";"74.0";"74.0416666667";"µg-m3";"100.0";"100";"100.0";"A";"1";"47.344139";"0.653778"
"2026/02/19 00:00:00";"2026/02/19 23:59:59";"LIG'AIR";"FR24ZAG01";"ZAG TOURS";"FR34026";"Tours péri-urbaine";"Périurbaine";"O3";"Fond";"Oui";"mesures fixes";"Moy. journalière";"75.0";"75.0333333333";"µg-m3";"100.0";"100";"100.0";"A";"1";"47.46925";"0.717333"
"2026/02/19 00:00:00";"2026/02/19 23:59:59";"LIG'AIR";"FR24ZAG02";"ZAG ORLEANS";"FR34029";"La_Source-CNRS";"Urbaine";"O3";"Fond";"Oui";"mesures fixes";"Moy. journalière";"70.0";"70.4291666667";"µg-m3";"100.0";"100";"100.0";"A";"1";"47.83775";"1.944667"
"2026/02/19 00:00:00";"2026/02/19 23:59:59";"LIG'AIR";"FR24ZRE02";"ZR CENTRE-VAL-DE-LOIRE";"FR34032";"Leblanc";"Urbaine";"O3";"Fond";"Oui";"mesures fixes";"Moy. journalière";"72.0";"71.6541666667";"µg-m3";"100.0";"100";"100.0";"A";"1";"47.082778";"2.405333"
"2026/02/19 00:00:00";"2026/02/19 23:59:59";"LIG'AIR";"FR24ZRE02";"ZR CENTRE-VAL-DE-LOIRE";"FR34038";"Verneuil";"Rurale nationale";"O3";"Fond";"Oui";"mesures fixes";"Moy. journalière";"74.0";"73.6391304348";"µg-m3";"96.0";"100";"96.0";"R";"1";"46.814694";"2.610069"
"2026/02/19 00:00:00";"2026/02/19 23:59:59";"LIG'AIR";"FR24ZRE02";"ZR CENTRE-VAL-DE-LOIRE";"FR34041";"Fulbert";"Urbaine";"O3";"Fond";"Oui";"mesures fixes";"Moy. journalière";"65.0";"64.5166666667";"µg-m3";"100.0";"100";"100.0";"A";"1";"48.444417";"1.510139"
"2026/02/19 00:00:00";"2026/02/19 23:59:59";"LIG'AIR";"FR24ZRE02";"ZR CENTRE-VAL-DE-LOIRE";"FR34043";"Oysonville";"Rurale régionale";"O3";"Fond";"Oui";"mesures fixes";"Moy. journalière";"70.0";"69.9833333333";"µg-m3";"100.0";"100";"100.0";"A";"1";"48.391139";"1.955611"
"2026/02/19 00:00:00";"2026/02/19 23:59:59";"LIG'AIR";"FR24ZRE02";"ZR CENTRE-VAL-DE-LOIRE";"FR34046";"Dreux Centre";"Urbaine";"O3";"Fond";"Oui";"mesures fixes";"Moy. journalière";"59.0";"59.05";"µg-m3";"100.0";"100";"100.0";"A";"1";"48.729694";"1.358472"
"2026/02/19 00:00:00";"2026/02/19 23:59:59";"LIG'AIR";"FR24ZRE02";"ZR CENTRE-VAL-DE-LOIRE";"FR34051";"Chateauroux Sud";"Urbaine";"O3";"Fond";"Oui";"mesures fixes";"Moy. journalière";"75.0";"75.0916666667";"µg-m3";"100.0";"100";"100.0";"R";"1";"46.798278";"1.693139"
"2026/02/19 00:00:00";"2026/02/19 23:59:59";"LIG'AIR";"FR24ZRE02";"ZR CENTRE-VAL-DE-LOIRE";"FR34054";"Faverolles";"Rurale régionale";"O3";"Fond";"Oui";"mesures fixes";"Moy. journalière";"75.0";"74.5125";"µg-m3";"100.0";"100";"100.0";"A";"1";"47.170167";"1.409694"
"2026/02/19 00:00:00";"2026/02/19 23:59:59";"LIG'AIR";"FR24ZRE02";"ZR CENTRE-VAL-DE-LOIRE";"FR34056";"Montierchaume";"Périurbaine";"O3";"Fond";"Oui";"mesures fixes";"Moy. journalière";"76.0";"75.7166666667";"µg-m3";"100.0";"100";"100.0";"A";"1";"46.864528";"1.771944"
"2026/02/19 00:00:00";"2026/02/19 23:59:59";"LIG'AIR";"FR24ZAR02";"ZAR BLOIS";"FR34061";"Blois nord";"Urbaine";"O3";"Fond";"Oui";"mesures fixes";"Moy. journalière";"70.0";"69.7583333333";"µg-m3";"100.0";"100";"100.0";"A";"1";"47.594256";"1.302667"
"2026/02/19 00:00:00";"2026/02/19 23:59:59";"LIG'AIR";"FR24ZRE02";"ZR CENTRE-VAL-DE-LOIRE";"FR34066";"Montargis Les Cites";"Urbaine";"O3";"Fond";"Oui";"mesures fixes";"Moy. journalière";"66.0";"65.9916666667";"µg-m3";"100.0";"100";"100.0";"A";"1";"48.00145";"2.72618"
"2026/02/19 00:00:00";"2026/02/19 23:59:59";"ATMO NOUVELLE-AQUITAINE";"FR75ZRE02";"ZR NOUVELLE-AQUITAINE";"FR35002";"ST JUNIEN - Fontaine";"Urbaine";"O3";"Fond";"Oui";"mesures fixes";"Moy. journalière";"79.0";"78.8916666667";"µg-m3";"100.0";"100";"100.0";"A";"1";"45.884851";"0.898431"
"2026/02/19 00:00:00";"2026/02/19 23:59:59";"ATMO NOUVELLE-AQUITAINE";"FR75ZRE02";"ZR NOUVELLE-AQUITAINE";"FR35004";"BRIVE - Dalton";"Urbaine";"O3";"Fond";"Oui";"mesures fixes";"Moy. journalière";"76.0";"76.4708333333";"µg-m3";"100.0";"100";"100.0";"A";"1";"45.158738";"1.537259"
"2026/02/19 00:00:00";"2026/02/19 23:59:59";"ATMO NOUVELLE-AQUITAINE";"FR75ZRE02";"ZR NOUVELLE-AQUITAINE";"FR35005";"GUERET - Nicolas";"Urbaine";"O3";"Fond";"Oui";"mesures fixes";"Moy. journalière";"79.0";"79.3916666667";"µg-m3";"100.0";"100";"100.0";"A";"1";"46.17362";"1.873024"
"2026/02/19 00:00:00";"2026/02/19 23:59:59";"ATMO NOUVELLE-AQUITAINE";"FR75ZRE02";"ZR NOUVELLE-AQUITAINE";"FR35006";"TULLE - Hugo";"Urbaine";"O3";"Fond";"Oui";"mesures fixes";"Moy. journalière";"81.0";"80.6541666667";"µg-m3";"100.0";"100";"100.0";"A";"1";"45.262665";"1.762752"
"2026/02/19 00:00:00";"2026/02/19 23:59:59";"ATMO NOUVELLE-AQUITAINE";"FR75ZAR01";"ZAR LIMOGES";"FR35007";"PALAIS S/ V.- Garros";"Périurbaine";"O3";"Fond";"Oui";"mesures fixes";"Moy. journalière";"82.0";"81.7041666667";"µg-m3";"100.0";"100";"100.0";"A";"1";"45.873311";"1.307916"
"2026/02/19 00:00:00";"2026/02/19 23:59:59";"ATMO NOUVELLE-AQUITAINE";"FR75ZRE02";"ZR NOUVELLE-AQUITAINE";"FR35012";"LA NOUAILLE - MERA";"Rurale nationale";"O3";"Fond";"Oui";"mesures fixes";"Moy. journalière";"86.0";"86.1166666667";"µg-m3";"100.0";"100";"100.0";"A";"1";"45.80509";"2.062333"
"2026/02/19 00:00:00";"2026/02/19 23:59:59";"ATMO NOUVELLE-AQUITAINE";"FR75ZAR01";"ZAR LIMOGES";"FR35027";"LIMOGES - BERLAND";"Urbaine";"O3";"Fond";"Oui";"mesures fixes";"Moy. journalière";"80.0";"79.8083333333";"µg-m3";"100.0";"100";"100.0";"A";"1";"45.842204";"1.259689"
"2026/02/19 00:00:00";"2026/02/19 23:59:59";"ATMO AUVERGNE-RHÔNE-ALPES";"FR84ZAR02";"ZAR VALLEE-DU-RHONE";"FR36001";"Valence Périurb. Sud";"Périurbaine";"O3";"Fond";"Oui";"mesures fixes";"Moy. journalière";"58.0";"58.2333333333";"µg-m3";"100.0";"100";"100.0";"R";"1";"44.870243";"4.876289"
"2026/02/19 00:00:00";"2026/02/19 23:59:59";"ATMO AUVERGNE-RHÔNE-ALPES";"FR84ZAR02";"ZAR VALLEE-DU-RHONE";"FR36002";"Valence Urb. Centre";"Urbaine";"O3";"Fond";"Oui";"mesures fixes";"Moy. journalière";"58.0";"58.2";"µg-m3";"100.0";"100";"100.0";"A";"1";"44.933514";"4.893481"
"2026/02/19 00:00:00";"2026/02/19 23:59:59";"ATMO AUVERGNE-RHÔNE-ALPES";"FR84ZAR02";"ZAR VALLEE-DU-RHONE";"FR36019";"Romans-sur-Isère";"Urbaine";"O3";"Fond";"Oui";"mesures indicatives";"Moy. journalière";"56.0";"55.975";"µg-m3";"100.0";"100";"100.0";"A";"1";"45.0425";"5.0443"
"2026/02/19 00:00:00";"2026/02/19 23:59:59";"ATMO AUVERGNE-RHÔNE-ALPES";"FR84ZRE02";"ZR AUVERGNE-RHONE-ALPES";"FR36021";"Drôme Rurale Sud-SND";"Rurale nationale";"O3";"Fond";"Oui";"mesures fixes";"Moy. journalière";"72.0";"71.65";"µg-m3";"100.0";"100";"100.0";"A";"1";"44.569443";"5.278972"
"2026/02/19 00:00:00";"2026/02/19 23:59:59";"GWAD'AIR";"FR01ZAG01";"ZAG POINTE-A-PITRE";"FR37001";"ST de Baie mahault";"Périurbaine";"O3";"Fond";"Oui";"estimation objective";"Moy. journalière";"28.0";"28.3416666667";"µg-m3";"100.0";"100";"100.0";"A";"1";"16.257308";"-61.591725"
"2026/02/19 00:00:00";"2026/02/19 23:59:59";"GWAD'AIR";"FR01ZAG01";"ZAG POINTE-A-PITRE";"FR37006";"PTP-VICTOIRE";"Urbaine";"O3";"Fond";"Oui";"mesures fixes";"Moy. journalière";"25.0";"25.1791666667";"µg/m3";"100.0";"100";"100.0";"A";"1";"16.23674";"-61.534101"
"2026/02/19 00:00:00";"2026/02/19 23:59:59";"GWAD'AIR";"FR01ZRE01";"ZR GUADELOUPE";"FR37010";"BT_PICHON";"Urbaine";"O3";"Fond";"Oui";"mesures fixes";"Moy. journalière";"33.0";"33.1333333333";"µg/m3";"100.0";"100";"100.0";"A";"1";"15.994349";"-61.727203"
"2026/02/19 00:00:00";"2026/02/19 23:59:59";"ATMO REUNION";"FR04ZAR01";"ZAR SAINT-DENIS";"FR38001";"LYC. LISLET GEOFFROY";"Urbaine";"O3";"Fond";"Oui";"mesures fixes";"Moy. journalière";"29.0";"28.85";"µg-m3";"100.0";"100";"100.0";"A";"1";"-20.889893";"55.46884"
"2026/02/19 00:00:00";"2026/02/19 23:59:59";"ATMO REUNION";"FR04ZAR01";"ZAR SAINT-DENIS";"FR38002";"MONTGAILLARD";"Périurbaine";"O3";"Fond";"Oui";"mesures fixes";"Moy. journalière";"26.0";"25.5208333333";"µg-m3";"100.0";"100";"100.0";"A";"1";"-20.903294";"55.468334"
"2026/02/19 00:00:00";"2026/02/19 23:59:59";"ATMO REUNION";"FR04ZAR02";"ZAR VOLCAN";"FR38011";"Station Luther King";"Urbaine";"O3";"Fond";"Oui";"mesures fixes";"Moy. journalière";"22.0";"21.5166666667";"µg-m3";"100.0";"100";"100.0";"A";"1";"-21.334406";"55.45906"
"2026/02/19 00:00:00";"2026/02/19 23:59:59";"ATMO REUNION";"FR04ZAR02";"ZAR VOLCAN";"FR38014";"Ligne Paradis";"Périurbaine";"O3";"Fond";"Oui";"mesures fixes";"Moy. journalière";"20.0";"19.9166666667";"µg-m3";"100.0";"100";"100.0";"R";"1";"-21.312895";"55.474194"
"2026/02/19 00:00:00";"2026/02/19 23:59:59";"ATMO REUNION";"FR04ZAR02";"ZAR VOLCAN";"FR38016";"Station Bourg-Murat";"Rurale régionale";"O3";"Fond";"Oui";"mesures fixes";"Moy. journalière";"23.0";"22.975";"µg-m3";"100.0";"100";"100.0";"A";"1";"-21.204815";"55.58262"
"2026/02/19 00:00:00";"2026/02/19 23:59:59";"ATMO REUNION";"FR04ZAR01";"ZAR SAINT-DENIS";"FR38020";"Plateau Caillou";"Urbaine";"O3";"Fond";"Oui";"mesures fixes";"Moy. journalière";"22.0";"21.7666666667";"µg-m3";"100.0";"100";"100.0";"A";"1";"-21.022112";"55.266773"
"2026/02/19 00:00:00";"2026/02/19 23:59:59";"MADININAIR";"FR02ZAR01";"ZAR FORT-DE-FRANCE";"FR39009";"Lamentin";"Urbaine";"O3";"Fond";"Oui";"mesures fixes";"Moy. journalière";"44.0";"43.8291666667";"µg-m3";"100.0";"100";"100.0";"R";"1";"14.610653";"-61.002586"
"2026/02/19 00:00:00";"2026/02/19 23:59:59";"MADININAIR";"FR02ZRE01";"ZR MARTINIQUE";"FR39014";"Sainte_Luce";"Périurbaine";"O3";"Fond";"Oui";"mesures fixes";"Moy. journalière";"61.0";"60.5416666667";"µg-m3";"100.0";"100";"100.0";"A";"1";"14.468869";"-60.927417"
"2026/02/19 00:00:00";"2026/02/19 23:59:59";"MADININAIR";"FR02ZAR01";"ZAR FORT-DE-FRANCE";"FR39016";"Robert Bourg";"Urbaine";"O3";"Fond";"Oui";"mesures fixes";"Moy. journalière";"84.0";"84.4333333333";"µg-m3";"100.0";"100";"100.0";"A";"1";"14.678025";"-60.939056"
"2026/02/19 00:00:00";"2026/02/19 23:59:59";"MADININAIR";"FR02ZAR01";"ZAR FORT-DE-FRANCE";"FR39017";"Bellevue";"Périurbaine";"O3";"Fond";"Oui";"mesures fixes";"Moy. journalière";"79.0";"79.0916666667";"µg-m3";"100.0";"100";"100.0";"A";"1";"14.601469";"-61.085331"
"2026/02/19 00:00:00";"2026/02/19 23:59:59";"ATMO GUYANE";"FR03ZRE01";"ZR GUYANE";"FR40006";"Kourou Gaston Monnerville Brady";"Urbaine";"O3";"Fond";"Oui";"mesures fixes";"Moy. journalière";"66.0";"65.6608695652";"µg-m3";"96.0";"100";"96.0";"A";"1";"5.164248";"-52.64649"
"2026/02/19 00:00:00";"2026/02/19 23:59:59";"ATMO GUYANE";"FR03ZAR01";"ZAR ILE-DE-CAYENNE";"FR40007";"Kalou";"Périurbaine";"O3";"Fond";"Oui";"mesures fixes";"Moy. journalière";"62.0";"61.75";"µg-m3";"100.0";"100";"100.0";"A";"1";"4.84816";"-52.3238"
"2026/02/19 00:00:00";"2026/02/19 23:59:59";"ATMO GUYANE";"FR03ZRE01";"ZR GUYANE";"FR40010";"Matiti";"Rurale près des villes";"O3";"Fond";"Oui";"mesures fixes";"Moy. journalière";"66.0";"65.5041666667";"µg-m3";"100.0";"100";"100.0";"A";"1";"5.034602";"-52.563795"
"2026/02/19 00:00:00";"2026/02/19 23:59:59";"QUALITAIR CORSE";"FR94ZAR01";"ZAR AJACCIO";"FR41001";"AJACCIO CANETTO";"Urbaine";"O3";"Fond";"Oui";"mesures fixes";"Moy. journalière";"79.0";"79.3875";"µg-m3";"100.0";"100";"100.0";"R";"1";"41.924694";"8.735694"
"2026/02/19 00:00:00";"2026/02/19 23:59:59";"QUALITAIR CORSE";"FR94ZAR02";"ZAR BASTIA";"FR41002";"BASTIA GIRAUD";"Urbaine";"O3";"Fond";"Oui";"mesures fixes";"Moy. journalière";"83.0";"82.8458333333";"µg-m3";"100.0";"100";"100.0";"R";"1";"42.697917";"9.446417"
"2026/02/19 00:00:00";"2026/02/19 23:59:59";"QUALITAIR CORSE";"FR94ZAR02";"ZAR BASTIA";"FR41004";"BASTIA LA MARANA";"Périurbaine";"O3";"Industrielle";"Oui";"mesures fixes";"Moy. journalière";"84.0";"84.49375";"µg-m3";"67.0";"100";"67.0";"N";"-1";"42.535833";"9.475972"
"2026/02/19 00:00:00";"2026/02/19 23:59:59";"QUALITAIR CORSE";"FR94ZAR02";"ZAR BASTIA";"FR41017";"BASTIA MONTESORO";"Périurbaine";"O3";"Fond";"Oui";"mesures fixes";"Moy. journalière";"82.0";"81.7375";"µg-m3";"100.0";"100";"100.0";"R";"1";"42.671333";"9.434639"
"2026/02/19 00:00:00";"2026/02/19 23:59:59";"QUALITAIR CORSE";"FR94ZRE01";"ZR CORSE";"FR41024";"VENACO";"Rurale régionale";"O3";"Fond";"Oui";"mesures fixes";"Moy. journalière";"88.0";"88.1625";"µg-m3";"100.0";"100";"100.0";"R";"1";"42.236028";"9.190028"
"2026/02/19 00:00:00";"2026/02/19 23:59:59";"QUALITAIR CORSE";"FR94ZAR01";"ZAR AJACCIO";"FR41063";"AJACCIO CONFINA 2";"Périurbaine";"O3";"Fond";"Oui";"mesures fixes";"Moy. journalière";"82.0";"82.2833333333";"µg-m3";"100.0";"100";"100.0";"R";"1";"41.94768611";"8.79615833"
"2026/02/19 00:00:00";"2026/02/19 23:59:59";"ATMO GRAND EST";"FR44ZRE01";"ZR GRAND-EST";"FR42011";"Haguenau-Place marché aux bestiaux";"Urbaine";"O3";"Fond";"Oui";"mesures fixes";"Moy. journalière";"39.0";"38.9875";"µg-m3";"100.0";"100";"100.0";"A";"1";"48.818352";"7.786409"
"2026/02/19 00:00:00";"2026/02/19 23:59:59";"HAWA MAYOTTE";"FR06ZRE01";"ZR MAYOTTE";"FR43002";"Convalescence";"Urbaine";"O3";"Fond";"Oui";"mesures indicatives";"Moy. journalière";"0.0";"0.0";"µg-m3";"0.0";"100";"0.0";"N";"-1";"-12.778186";"45.220235"
"2026/02/19 00:00:00";"2026/02/19 23:59:59";"ATMO OCCITANIE";"FR76ZRE01";"ZR OCCITANIE";"FR50060";"Montauban - Ramierou";"Urbaine";"O3";"Fond";"Oui";"mesures fixes";"Moy. journalière";"73.0";"73.4125";"µg-m3";"100.0";"100";"100.0";"A";"1";"44.01285657";"1.37530522"
"2026/02/19 00:00:00";"2026/02/19 23:59:59";"ATMO BOURGOGNE-FRANCHE-COMTE";"FR27ZAR03";"ZAR BESANCON";"FR82005";"Montfaucon";"Périurbaine";"O3";"Fond";"Oui";"mesures fixes";"Moy. journalière";"80.0";"80.1666666667";"µg-m3";"100.0";"100";"100.0";"R";"1";"47.23461";"6.076472"
"2026/02/19 00:00:00";"2026/02/19 23:59:59";"ATMO BOURGOGNE-FRANCHE-COMTE";"FR27ZAR03";"ZAR BESANCON";"FR82006";"Besançon Prévoyance";"Urbaine";"O3";"Fond";"Oui";"mesures fixes";"Moy. journalière";"73.0";"72.8833333333";"µg-m3";"100.0";"100";"100.0";"A";"1";"47.2474";"6.015419"
"2026/02/19 00:00:00";"2026/02/19 23:59:59";"ATMO BOURGOGNE-FRANCHE-COMTE";"FR27ZAR01";"ZAR BELFORT-MONTBELIARD";"FR82012";"Dambenois Citoyen";"Périurbaine";"O3";"Fond";"Oui";"mesures fixes";"Moy. journalière";"49.0";"48.5166666667";"µg-m3";"100.0";"100";"100.0";"R";"1";"47.538193";"6.868361"
"2026/02/19 00:00:00";"2026/02/19 23:59:59";"ATMO BOURGOGNE-FRANCHE-COMTE";"FR27ZAR01";"ZAR BELFORT-MONTBELIARD";"FR82021";"Belfort centre";"Urbaine";"O3";"Fond";"Oui";"mesures fixes";"Moy. journalière";"46.0";"45.85";"µg-m3";"100.0";"100";"100.0";"R";"1";"47.630755";"6.858944"
"2026/02/19 00:00:00";"2026/02/19 23:59:59";"ATMO BOURGOGNE-FRANCHE-COMTE";"FR27ZRE01";"ZR BOURGOGNE-FRANCHE-COMTE";"FR82030";"Montandon Baresans";"Rurale nationale";"O3";"Fond";"Oui";"mesures fixes";"Moy. journalière";"76.0";"76.2208333333";"µg-m3";"100.0";"100";"100.0";"R";"1";"47.29464";"6.825861"
"2026/02/19 00:00:00";"2026/02/19 23:59:59";"ATMO BOURGOGNE-FRANCHE-COMTE";"FR27ZRE01";"ZR BOURGOGNE-FRANCHE-COMTE";"FR82040";"Dole centre";"Urbaine";"O3";"Fond";"Oui";"mesures fixes";"Moy. journalière";"71.0";"70.9208333333";"µg-m3";"100.0";"100";"100.0";"A";"1";"47.09672";"5.496389"
"2026/02/19 00:00:00";"2026/02/19 23:59:59";"ATMO BOURGOGNE-FRANCHE-COMTE";"FR27ZRE01";"ZR BOURGOGNE-FRANCHE-COMTE";"FR82050";"Lons-le-Saunier CV";"Urbaine";"O3";"Fond";"Oui";"mesures fixes";"Moy. journalière";"79.0";"78.7875";"µg-m3";"100.0";"100";"100.0";"A";"1";"46.671321";"5.55662"
"2026/02/19 00:00:00";"2026/02/19 23:59:59";"ATMO BOURGOGNE-FRANCHE-COMTE";"FR27ZRE01";"ZR BOURGOGNE-FRANCHE-COMTE";"FR82060";"Vesoul Pres Caillet";"Urbaine";"O3";"Fond";"Oui";"mesures fixes";"Moy. journalière";"65.0";"64.9";"µg-m3";"100.0";"100";"100.0";"A";"1";"47.620022";"6.157642"
